-- phpMyAdmin SQL Dump
-- version 3.5.8.1
-- http://www.phpmyadmin.net
--
-- Host: 10.246.16.19:3306
-- Generation Time: May 23, 2013 at 04:27 AM
-- Server version: 5.1.66-0+squeeze1
-- PHP Version: 5.3.3-7+squeeze15

SET SQL_MODE="NO_AUTO_VALUE_ON_ZERO";
SET time_zone = "+00:00";


/*!40101 SET @OLD_CHARACTER_SET_CLIENT=@@CHARACTER_SET_CLIENT */;
/*!40101 SET @OLD_CHARACTER_SET_RESULTS=@@CHARACTER_SET_RESULTS */;
/*!40101 SET @OLD_COLLATION_CONNECTION=@@COLLATION_CONNECTION */;
/*!40101 SET NAMES utf8 */;

--
-- Database: `media_design_dk`
--

-- --------------------------------------------------------

--
-- Table structure for table `batches`
--

CREATE TABLE IF NOT EXISTS `batches` (
  `id` int(11) NOT NULL AUTO_INCREMENT,
  `name` varchar(50) NOT NULL,
  `vendor_id` int(11) NOT NULL,
  `product_code` varchar(400) NOT NULL,
  `is_active` set('0','1') NOT NULL DEFAULT '1',
  `is_deleted` set('0','1') NOT NULL DEFAULT '0',
  `created` datetime NOT NULL,
  `modfied` timestamp NOT NULL DEFAULT CURRENT_TIMESTAMP ON UPDATE CURRENT_TIMESTAMP,
  PRIMARY KEY (`id`)
) ENGINE=MyISAM  DEFAULT CHARSET=latin1 AUTO_INCREMENT=14 ;

--
-- Dumping data for table `batches`
--

INSERT INTO `batches` (`id`, `name`, `vendor_id`, `product_code`, `is_active`, `is_deleted`, `created`, `modfied`) VALUES
(1, '0321654987_1360061984', 0, '', '1', '1', '2013-02-05 10:59:44', '2013-03-06 12:24:57'),
(2, '0321654987_1361792494', 0, '', '1', '1', '2013-02-25 11:41:34', '2013-03-06 12:26:19'),
(3, '0321654989_1361799593', 0, '', '1', '1', '2013-02-25 13:39:53', '2013-03-05 15:45:26'),
(4, '32134002006_1361922773', 0, '', '1', '1', '2013-02-26 23:52:53', '2013-02-26 23:56:27'),
(5, '32134002006_1361923002', 0, '', '1', '1', '2013-02-26 23:56:42', '2013-03-05 15:45:38'),
(6, '0321654989_1361971090', 0, '', '1', '1', '2013-02-27 13:18:10', '2013-03-05 15:45:36'),
(7, '12345_1362047596', 0, '', '1', '1', '2013-02-28 10:33:16', '2013-03-05 15:45:34'),
(8, '0321654989_1362056005', 0, '', '1', '1', '2013-02-28 12:53:25', '2013-03-05 15:45:32'),
(9, '0321654989_1362056110', 0, '', '1', '1', '2013-02-28 12:55:10', '2013-03-05 15:45:29'),
(10, '0321654989_1362403561', 0, '', '1', '1', '2013-03-04 13:26:01', '2013-03-06 00:09:24'),
(11, '5515835_1362529283', 2, '5515835', '1', '1', '2013-03-06 00:21:23', '2013-03-15 11:46:20'),
(12, '32134002006_1362578973', 6, '32134002006', '1', '1', '2013-03-06 14:09:33', '2013-03-06 14:10:04'),
(13, '32134002006_1362756255', 6, '32134002006', '1', '0', '2013-03-08 15:24:15', '2013-03-08 15:24:15');

-- --------------------------------------------------------

--
-- Table structure for table `categories`
--

CREATE TABLE IF NOT EXISTS `categories` (
  `id` int(11) NOT NULL AUTO_INCREMENT,
  `title` float NOT NULL,
  `description` varchar(500) NOT NULL,
  `is_active` set('0','1') NOT NULL DEFAULT '1' COMMENT '"0"=>"inactive","1"=>"active"',
  `is_deleted` set('0','1') NOT NULL DEFAULT '0' COMMENT '"0"=>"not deleted","1"=>"deleted"',
  `meta_title` varchar(50) DEFAULT NULL,
  `meta_key` varchar(50) DEFAULT NULL,
  `meta_description` varchar(50) DEFAULT NULL,
  `created` datetime NOT NULL,
  `modified` timestamp NOT NULL DEFAULT CURRENT_TIMESTAMP ON UPDATE CURRENT_TIMESTAMP,
  PRIMARY KEY (`id`)
) ENGINE=MyISAM  DEFAULT CHARSET=latin1 AUTO_INCREMENT=6 ;

--
-- Dumping data for table `categories`
--

INSERT INTO `categories` (`id`, `title`, `description`, `is_active`, `is_deleted`, `meta_title`, `meta_key`, `meta_description`, `created`, `modified`) VALUES
(1, 100, 'TDC', '1', '0', NULL, NULL, NULL, '2013-01-23 09:41:12', '2013-01-23 12:30:29'),
(3, 49, '', '1', '0', NULL, NULL, NULL, '2013-02-25 12:57:33', '2013-02-25 12:57:33'),
(4, 99, '', '1', '0', NULL, NULL, NULL, '2013-02-26 16:58:48', '2013-02-26 16:58:48'),
(5, 50, '', '1', '0', NULL, NULL, NULL, '2013-03-06 00:21:10', '2013-03-06 00:21:10');

-- --------------------------------------------------------

--
-- Table structure for table `cms_pages`
--

CREATE TABLE IF NOT EXISTS `cms_pages` (
  `id` int(5) NOT NULL AUTO_INCREMENT,
  `title` varchar(100) CHARACTER SET utf8 COLLATE utf8_danish_ci NOT NULL,
  `slug` varchar(50) NOT NULL,
  `content` text CHARACTER SET utf8 COLLATE utf8_danish_ci NOT NULL,
  `created` datetime NOT NULL,
  `modified` timestamp NOT NULL DEFAULT CURRENT_TIMESTAMP ON UPDATE CURRENT_TIMESTAMP,
  PRIMARY KEY (`id`)
) ENGINE=MyISAM  DEFAULT CHARSET=latin1 AUTO_INCREMENT=3 ;

--
-- Dumping data for table `cms_pages`
--

INSERT INTO `cms_pages` (`id`, `title`, `slug`, `content`, `created`, `modified`) VALUES
(1, 'About Us', 'about-us', '<p>test</p>', '2013-01-28 00:00:00', '2013-01-29 10:31:04'),
(2, 'Privacy Policy', 'privacy-policy', '<p>test test test</p>', '2013-01-29 00:00:00', '2013-03-06 13:09:24');

-- --------------------------------------------------------

--
-- Table structure for table `coupons`
--

CREATE TABLE IF NOT EXISTS `coupons` (
  `id` int(11) NOT NULL AUTO_INCREMENT,
  `batch_id` int(11) NOT NULL,
  `coupon_id` varchar(100) CHARACTER SET utf8 COLLATE utf8_danish_ci NOT NULL,
  `activation_code` varchar(200) CHARACTER SET utf8 COLLATE utf8_danish_ci NOT NULL,
  `vendor_id` int(11) NOT NULL,
  `category_id` int(11) NOT NULL,
  `product_code` varchar(100) CHARACTER SET utf8 COLLATE utf8_danish_ci NOT NULL,
  `expire_date` date NOT NULL,
  `is_locked` set('0','1') NOT NULL DEFAULT '0' COMMENT '''1'' means yes and ''0'' means not',
  `is_sold` set('0','1') NOT NULL DEFAULT '0',
  `is_pulled` set('0','1') NOT NULL DEFAULT '0',
  `is_active` set('0','1') NOT NULL DEFAULT '1' COMMENT '''1''  means active and  ''0'' means Inactive',
  `is_deleted` set('0','1') NOT NULL DEFAULT '0' COMMENT '''1'' means yes and ''0'' means not',
  `created` datetime NOT NULL,
  `modified` timestamp NOT NULL DEFAULT CURRENT_TIMESTAMP ON UPDATE CURRENT_TIMESTAMP,
  PRIMARY KEY (`id`),
  KEY `coupon_id` (`coupon_id`),
  KEY `vendor_id` (`vendor_id`),
  KEY `category_id` (`category_id`)
) ENGINE=MyISAM  DEFAULT CHARSET=latin1 AUTO_INCREMENT=916 ;

--
-- Dumping data for table `coupons`
--

INSERT INTO `coupons` (`id`, `batch_id`, `coupon_id`, `activation_code`, `vendor_id`, `category_id`, `product_code`, `expire_date`, `is_locked`, `is_sold`, `is_pulled`, `is_active`, `is_deleted`, `created`, `modified`) VALUES
(14, 3, '400123226790', '30012342|01213|012155', 1, 3, '0321654989', '2015-12-12', '0', '1', '1', '1', '1', '2013-02-25 13:39:53', '2013-03-05 15:45:26'),
(13, 3, '400123456789', '30012341|01213|012155', 1, 3, '0321654989', '2015-12-12', '0', '1', '1', '1', '1', '2013-02-25 13:39:53', '2013-03-05 15:45:26'),
(3, 2, '400123456789', '30012341|01213', 1, 1, '5515835', '2015-12-12', '0', '1', '1', '1', '1', '2013-02-25 11:41:34', '2013-03-06 12:25:23'),
(4, 2, '400123456790', '30012342|01213', 1, 1, '5515835', '2015-12-12', '0', '1', '1', '1', '1', '2013-02-25 11:41:34', '2013-03-06 12:25:23'),
(5, 2, '400123456791', '30012343|01213', 1, 1, '0321654987', '2015-12-12', '0', '1', '1', '1', '1', '2013-02-25 11:41:34', '2013-03-05 15:45:23'),
(6, 2, '400123456792', '30012344|01213', 1, 1, '0321654987', '2015-12-12', '0', '1', '1', '1', '1', '2013-02-25 11:41:34', '2013-03-05 15:45:23'),
(7, 2, '400123456793', '30012345|01213', 1, 1, '0321654987', '2015-12-12', '0', '1', '1', '1', '1', '2013-02-25 11:41:34', '2013-03-05 15:45:23'),
(8, 2, '400123456794', '30012346|01213', 1, 1, '0321654987', '2015-12-12', '0', '1', '1', '1', '1', '2013-02-25 11:41:34', '2013-03-06 04:54:16'),
(9, 2, '400123456795', '30012347|01213', 1, 1, '0321654987', '2015-12-12', '0', '0', '0', '1', '1', '2013-02-25 11:41:34', '2013-03-04 14:44:08'),
(10, 2, '400123456796', '30012348|01213', 1, 1, '0321654987', '2015-12-12', '0', '0', '0', '1', '1', '2013-02-25 11:41:34', '2013-03-04 14:44:08'),
(11, 2, '400123456797', '30012349|01213', 1, 1, '0321654987', '2015-12-12', '0', '0', '0', '1', '1', '2013-02-25 11:41:34', '2013-03-04 14:44:08'),
(12, 2, '400123456798', '30012350|01213', 1, 1, '0321654987', '2015-12-12', '0', '0', '0', '1', '1', '2013-02-25 11:41:34', '2013-03-04 14:44:08'),
(15, 4, '1210000621', '18000621|023037', 5, 4, '32134002006', '2014-12-01', '0', '1', '1', '1', '1', '2013-02-26 23:52:53', '2013-03-06 09:07:52'),
(16, 4, '1210000622', '18000622|863177', 5, 4, '32134002006', '2014-12-01', '0', '1', '1', '1', '1', '2013-02-26 23:52:53', '2013-03-06 09:07:52'),
(17, 4, '1210000623', '18000623|110275', 5, 4, '32134002006', '2014-12-01', '0', '1', '1', '1', '1', '2013-02-26 23:52:53', '2013-03-06 09:07:52'),
(18, 4, '1210000624', '18000624|882496', 5, 4, '32134002006', '2014-12-01', '0', '1', '1', '1', '1', '2013-02-26 23:52:53', '2013-03-06 09:07:52'),
(19, 4, '1210000625', '18000625|035140', 5, 4, '32134002006', '2014-12-01', '0', '1', '1', '1', '1', '2013-02-26 23:52:53', '2013-03-06 09:07:52'),
(20, 4, '1210000626', '18000626|975709', 5, 4, '32134002006', '2014-12-01', '0', '1', '1', '1', '1', '2013-02-26 23:52:53', '2013-03-06 09:07:52'),
(21, 4, '1210000627', '18000627|831336', 5, 4, '32134002006', '2014-12-01', '0', '1', '1', '1', '1', '2013-02-26 23:52:53', '2013-03-06 09:07:52'),
(22, 4, '1210000628', '18000628|905825', 5, 4, '32134002006', '2014-12-01', '0', '1', '1', '1', '1', '2013-02-26 23:52:53', '2013-03-06 09:07:52'),
(23, 4, '1210000629', '18000629|736489', 5, 4, '32134002006', '2014-12-01', '0', '1', '1', '1', '1', '2013-02-26 23:52:53', '2013-03-06 09:07:52'),
(24, 4, '1210000630', '18000630|337542', 5, 4, '32134002006', '2014-12-01', '0', '1', '1', '1', '1', '2013-02-26 23:52:53', '2013-03-06 09:07:52'),
(25, 4, '1210000631', '18000631|462741', 5, 4, '32134002006', '2014-12-01', '0', '1', '1', '1', '1', '2013-02-26 23:52:53', '2013-03-06 09:07:52'),
(26, 4, '1210000632', '18000632|464043', 5, 4, '32134002006', '2014-12-01', '0', '1', '1', '1', '1', '2013-02-26 23:52:53', '2013-03-06 09:07:52'),
(27, 4, '1210000633', '18000633|743157', 5, 4, '32134002006', '2014-12-01', '0', '1', '1', '1', '1', '2013-02-26 23:52:53', '2013-03-06 09:07:52'),
(28, 4, '1210000634', '18000634|419539', 5, 4, '32134002006', '2014-12-01', '0', '1', '1', '1', '1', '2013-02-26 23:52:53', '2013-03-06 09:07:52'),
(29, 4, '1210000635', '18000635|722285', 5, 4, '32134002006', '2014-12-01', '0', '1', '1', '1', '1', '2013-02-26 23:52:53', '2013-03-06 09:07:52'),
(30, 4, '1210000636', '18000636|587447', 5, 4, '32134002006', '2014-12-01', '0', '1', '1', '1', '1', '2013-02-26 23:52:53', '2013-03-06 09:07:52'),
(31, 4, '1210000637', '18000637|671548', 5, 4, '32134002006', '2014-12-01', '0', '1', '1', '1', '1', '2013-02-26 23:52:53', '2013-03-06 09:07:52'),
(32, 4, '1210000638', '18000638|724857', 5, 4, '32134002006', '2014-12-01', '0', '1', '1', '1', '1', '2013-02-26 23:52:53', '2013-03-06 09:07:52'),
(33, 4, '1210000639', '18000639|550931', 5, 4, '32134002006', '2014-12-01', '0', '1', '1', '1', '1', '2013-02-26 23:52:53', '2013-03-06 09:07:52'),
(34, 4, '1210000640', '18000640|949668', 5, 4, '32134002006', '2014-12-01', '0', '1', '1', '1', '1', '2013-02-26 23:52:53', '2013-03-06 09:07:52'),
(35, 4, '1210000641', '18000641|376746', 5, 4, '32134002006', '2014-12-01', '0', '1', '1', '1', '1', '2013-02-26 23:52:53', '2013-03-06 09:07:52'),
(36, 4, '1210000642', '18000642|432561', 5, 4, '32134002006', '2014-12-01', '0', '1', '1', '1', '1', '2013-02-26 23:52:53', '2013-03-06 09:07:52'),
(37, 4, '1210000643', '18000643|231036', 5, 4, '32134002006', '2014-12-01', '0', '1', '1', '1', '1', '2013-02-26 23:52:53', '2013-03-06 09:07:52'),
(38, 4, '1210000644', '18000644|978330', 5, 4, '32134002006', '2014-12-01', '0', '1', '1', '1', '1', '2013-02-26 23:52:53', '2013-03-06 09:07:52'),
(39, 4, '1210000645', '18000645|872307', 5, 4, '32134002006', '2014-12-01', '0', '1', '1', '1', '1', '2013-02-26 23:52:53', '2013-03-06 09:07:52'),
(40, 4, '1210000646', '18000646|638558', 5, 4, '32134002006', '2014-12-01', '0', '1', '1', '1', '1', '2013-02-26 23:52:53', '2013-03-06 09:07:52'),
(41, 4, '1210000647', '18000647|411777', 5, 4, '32134002006', '2014-12-01', '0', '1', '1', '1', '1', '2013-02-26 23:52:53', '2013-03-06 09:07:52'),
(42, 4, '1210000648', '18000648|485864', 5, 4, '32134002006', '2014-12-01', '0', '1', '1', '1', '1', '2013-02-26 23:52:53', '2013-03-06 09:07:52'),
(43, 4, '1210000649', '18000649|249752', 5, 4, '32134002006', '2014-12-01', '0', '1', '1', '1', '1', '2013-02-26 23:52:53', '2013-03-06 09:07:52'),
(44, 4, '1210000650', '18000650|738243', 5, 4, '32134002006', '2014-12-01', '0', '1', '1', '1', '1', '2013-02-26 23:52:53', '2013-03-06 09:07:52'),
(45, 4, '1210000651', '18000651|474104', 5, 4, '32134002006', '2014-12-01', '0', '1', '1', '1', '1', '2013-02-26 23:52:53', '2013-03-06 09:07:52'),
(46, 4, '1210000652', '18000652|967772', 5, 4, '32134002006', '2014-12-01', '0', '1', '1', '1', '1', '2013-02-26 23:52:53', '2013-03-06 09:07:52'),
(47, 4, '1210000653', '18000653|324899', 5, 4, '32134002006', '2014-12-01', '0', '1', '1', '1', '1', '2013-02-26 23:52:53', '2013-03-06 09:07:52'),
(48, 4, '1210000654', '18000654|466338', 5, 4, '32134002006', '2014-12-01', '0', '1', '1', '1', '1', '2013-02-26 23:52:53', '2013-03-06 09:07:52'),
(49, 4, '1210000655', '18000655|708815', 5, 4, '32134002006', '2014-12-01', '0', '1', '1', '1', '1', '2013-02-26 23:52:53', '2013-03-06 09:07:52'),
(50, 4, '1210000656', '18000656|232127', 5, 4, '32134002006', '2014-12-01', '0', '1', '1', '1', '1', '2013-02-26 23:52:53', '2013-03-06 09:07:52'),
(51, 4, '1210000657', '18000657|013973', 5, 4, '32134002006', '2014-12-01', '0', '1', '1', '1', '1', '2013-02-26 23:52:53', '2013-03-06 09:07:52'),
(52, 4, '1210000658', '18000658|614579', 5, 4, '32134002006', '2014-12-01', '0', '1', '1', '1', '1', '2013-02-26 23:52:53', '2013-03-06 09:07:52'),
(53, 4, '1210000659', '18000659|350481', 5, 4, '32134002006', '2014-12-01', '0', '1', '1', '1', '1', '2013-02-26 23:52:53', '2013-03-06 09:07:52'),
(54, 4, '1210000660', '18000660|281312', 5, 4, '32134002006', '2014-12-01', '0', '1', '1', '1', '1', '2013-02-26 23:52:53', '2013-03-06 09:07:52'),
(55, 4, '1210000661', '18000661|661733', 5, 4, '32134002006', '2014-12-01', '0', '1', '1', '1', '1', '2013-02-26 23:52:53', '2013-03-06 09:07:52'),
(56, 4, '1210000662', '18000662|781263', 5, 4, '32134002006', '2014-12-01', '0', '1', '1', '1', '1', '2013-02-26 23:52:53', '2013-03-06 09:07:52'),
(57, 4, '1210000663', '18000663|214876', 5, 4, '32134002006', '2014-12-01', '0', '1', '1', '1', '1', '2013-02-26 23:52:53', '2013-03-06 09:07:52'),
(58, 4, '1210000664', '18000664|763853', 5, 4, '32134002006', '2014-12-01', '0', '1', '1', '1', '1', '2013-02-26 23:52:53', '2013-03-06 09:07:52'),
(59, 4, '1210000665', '18000665|844701', 5, 4, '32134002006', '2014-12-01', '0', '1', '1', '1', '1', '2013-02-26 23:52:53', '2013-03-06 09:07:52'),
(60, 4, '1210000666', '18000666|860657', 5, 4, '32134002006', '2014-12-01', '0', '1', '1', '1', '1', '2013-02-26 23:52:53', '2013-03-06 09:07:52'),
(61, 4, '1210000667', '18000667|144053', 5, 4, '32134002006', '2014-12-01', '0', '1', '1', '1', '1', '2013-02-26 23:52:53', '2013-03-06 09:07:52'),
(62, 4, '1210000668', '18000668|059206', 5, 4, '32134002006', '2014-12-01', '0', '1', '1', '1', '1', '2013-02-26 23:52:53', '2013-03-06 09:07:52'),
(63, 4, '1210000669', '18000669|397509', 5, 4, '32134002006', '2014-12-01', '0', '1', '1', '1', '1', '2013-02-26 23:52:53', '2013-03-06 09:07:52'),
(64, 4, '1210000670', '18000670|911128', 5, 4, '32134002006', '2014-12-01', '0', '1', '1', '1', '1', '2013-02-26 23:52:53', '2013-03-06 09:07:52'),
(65, 4, '1210000671', '18000671|014201', 5, 4, '32134002006', '2014-12-01', '0', '1', '1', '1', '1', '2013-02-26 23:52:53', '2013-03-06 09:07:52'),
(66, 4, '1210000672', '18000672|054630', 5, 4, '32134002006', '2014-12-01', '0', '1', '1', '1', '1', '2013-02-26 23:52:53', '2013-03-06 09:07:52'),
(67, 4, '1210000673', '18000673|912595', 5, 4, '32134002006', '2014-12-01', '0', '1', '1', '1', '1', '2013-02-26 23:52:53', '2013-03-06 09:07:52'),
(68, 4, '1210000674', '18000674|402656', 5, 4, '32134002006', '2014-12-01', '0', '1', '1', '1', '1', '2013-02-26 23:52:53', '2013-03-06 09:07:52'),
(69, 4, '1210000675', '18000675|313325', 5, 4, '32134002006', '2014-12-01', '0', '1', '1', '1', '1', '2013-02-26 23:52:53', '2013-03-06 09:07:52'),
(70, 4, '1210000676', '18000676|516271', 5, 4, '32134002006', '2014-12-01', '0', '1', '1', '1', '1', '2013-02-26 23:52:53', '2013-03-06 09:07:52'),
(71, 4, '1210000677', '18000677|215212', 5, 4, '32134002006', '2014-12-01', '0', '1', '1', '1', '1', '2013-02-26 23:52:53', '2013-03-06 09:07:52'),
(72, 4, '1210000678', '18000678|174979', 5, 4, '32134002006', '2014-12-01', '0', '1', '1', '1', '1', '2013-02-26 23:52:53', '2013-03-06 09:07:52'),
(73, 4, '1210000679', '18000679|836483', 5, 4, '32134002006', '2014-12-01', '0', '1', '1', '1', '1', '2013-02-26 23:52:53', '2013-03-06 09:07:52'),
(74, 4, '1210000680', '18000680|849520', 5, 4, '32134002006', '2014-12-01', '0', '1', '1', '1', '1', '2013-02-26 23:52:53', '2013-03-06 09:07:52'),
(75, 4, '1210000681', '18000681|641116', 5, 4, '32134002006', '2014-12-01', '0', '1', '1', '1', '1', '2013-02-26 23:52:53', '2013-03-06 09:07:52'),
(76, 4, '1210000682', '18000682|949561', 5, 4, '32134002006', '2014-12-01', '0', '1', '1', '1', '1', '2013-02-26 23:52:53', '2013-03-06 09:07:52'),
(77, 4, '1210000683', '18000683|239067', 5, 4, '32134002006', '2014-12-01', '0', '1', '1', '1', '1', '2013-02-26 23:52:53', '2013-03-06 09:07:52'),
(78, 4, '1210000684', '18000684|843952', 5, 4, '32134002006', '2014-12-01', '0', '1', '1', '1', '1', '2013-02-26 23:52:53', '2013-03-06 09:07:52'),
(79, 4, '1210000685', '18000685|292990', 5, 4, '32134002006', '2014-12-01', '0', '1', '1', '1', '1', '2013-02-26 23:52:53', '2013-03-06 09:07:52'),
(80, 4, '1210000686', '18000686|058375', 5, 4, '32134002006', '2014-12-01', '0', '1', '1', '1', '1', '2013-02-26 23:52:53', '2013-03-06 09:07:52'),
(81, 4, '1210000687', '18000687|717797', 5, 4, '32134002006', '2014-12-01', '0', '1', '1', '1', '1', '2013-02-26 23:52:53', '2013-03-06 09:07:52'),
(82, 4, '1210000688', '18000688|464912', 5, 4, '32134002006', '2014-12-01', '0', '1', '1', '1', '1', '2013-02-26 23:52:53', '2013-03-06 09:07:52'),
(83, 4, '1210000689', '18000689|869156', 5, 4, '32134002006', '2014-12-01', '0', '1', '1', '1', '1', '2013-02-26 23:52:53', '2013-03-06 09:07:52'),
(84, 4, '1210000690', '18000690|754166', 5, 4, '32134002006', '2014-12-01', '0', '1', '1', '1', '1', '2013-02-26 23:52:53', '2013-03-06 09:07:52'),
(85, 4, '1210000691', '18000691|496496', 5, 4, '32134002006', '2014-12-01', '0', '1', '1', '1', '1', '2013-02-26 23:52:53', '2013-03-06 09:07:52'),
(86, 4, '1210000692', '18000692|089740', 5, 4, '32134002006', '2014-12-01', '0', '1', '1', '1', '1', '2013-02-26 23:52:53', '2013-03-06 09:07:52'),
(87, 4, '1210000693', '18000693|538251', 5, 4, '32134002006', '2014-12-01', '0', '1', '1', '1', '1', '2013-02-26 23:52:53', '2013-03-06 09:07:52'),
(88, 4, '1210000694', '18000694|982064', 5, 4, '32134002006', '2014-12-01', '0', '1', '1', '1', '1', '2013-02-26 23:52:53', '2013-03-06 09:07:52'),
(89, 4, '1210000695', '18000695|984757', 5, 4, '32134002006', '2014-12-01', '0', '1', '1', '1', '1', '2013-02-26 23:52:53', '2013-03-06 09:07:52'),
(90, 4, '1210000696', '18000696|002912', 5, 4, '32134002006', '2014-12-01', '0', '1', '1', '1', '1', '2013-02-26 23:52:53', '2013-03-06 09:07:52'),
(91, 4, '1210000697', '18000697|394869', 5, 4, '32134002006', '2014-12-01', '0', '1', '1', '1', '1', '2013-02-26 23:52:53', '2013-03-06 09:07:52'),
(92, 4, '1210000698', '18000698|637989', 5, 4, '32134002006', '2014-12-01', '0', '1', '1', '1', '1', '2013-02-26 23:52:53', '2013-03-06 09:07:52'),
(93, 4, '1210000699', '18000699|590303', 5, 4, '32134002006', '2014-12-01', '0', '1', '1', '1', '1', '2013-02-26 23:52:53', '2013-03-06 09:07:52'),
(94, 4, '1210000700', '18000700|270918', 5, 4, '32134002006', '2014-12-01', '0', '1', '1', '1', '1', '2013-02-26 23:52:53', '2013-03-06 09:07:52'),
(95, 4, '1210000701', '18000701|421249', 5, 4, '32134002006', '2014-12-01', '0', '1', '1', '1', '1', '2013-02-26 23:52:53', '2013-03-06 09:07:52'),
(96, 4, '1210000702', '18000702|874257', 5, 4, '32134002006', '2014-12-01', '0', '1', '1', '1', '1', '2013-02-26 23:52:53', '2013-03-06 09:07:52'),
(97, 4, '1210000703', '18000703|484630', 5, 4, '32134002006', '2014-12-01', '0', '1', '1', '1', '1', '2013-02-26 23:52:53', '2013-03-06 09:07:52'),
(98, 4, '1210000704', '18000704|887102', 5, 4, '32134002006', '2014-12-01', '0', '1', '1', '1', '1', '2013-02-26 23:52:53', '2013-03-06 09:07:52'),
(99, 4, '1210000705', '18000705|328498', 5, 4, '32134002006', '2014-12-01', '0', '1', '1', '1', '1', '2013-02-26 23:52:53', '2013-03-06 09:07:52'),
(100, 4, '1210000706', '18000706|407244', 5, 4, '32134002006', '2014-12-01', '0', '1', '1', '1', '1', '2013-02-26 23:52:53', '2013-03-06 09:07:52'),
(101, 4, '1210000707', '18000707|853644', 5, 4, '32134002006', '2014-12-01', '0', '1', '1', '1', '1', '2013-02-26 23:52:53', '2013-03-06 09:07:52'),
(102, 4, '1210000708', '18000708|563886', 5, 4, '32134002006', '2014-12-01', '0', '1', '1', '1', '1', '2013-02-26 23:52:53', '2013-03-06 09:07:52'),
(103, 4, '1210000709', '18000709|411032', 5, 4, '32134002006', '2014-12-01', '0', '1', '1', '1', '1', '2013-02-26 23:52:53', '2013-03-06 09:07:52'),
(104, 4, '1210000710', '18000710|919698', 5, 4, '32134002006', '2014-12-01', '0', '1', '1', '1', '1', '2013-02-26 23:52:53', '2013-03-06 09:07:52'),
(105, 4, '1210000711', '18000711|413193', 5, 4, '32134002006', '2014-12-01', '0', '1', '1', '1', '1', '2013-02-26 23:52:53', '2013-03-06 09:07:52'),
(106, 4, '1210000712', '18000712|980332', 5, 4, '32134002006', '2014-12-01', '0', '1', '1', '1', '1', '2013-02-26 23:52:53', '2013-03-06 09:07:52'),
(107, 4, '1210000713', '18000713|653420', 5, 4, '32134002006', '2014-12-01', '0', '1', '1', '1', '1', '2013-02-26 23:52:53', '2013-03-06 09:07:52'),
(108, 4, '1210000714', '18000714|568498', 5, 4, '32134002006', '2014-12-01', '0', '1', '1', '1', '1', '2013-02-26 23:52:53', '2013-03-06 09:07:52'),
(109, 4, '1210000715', '18000715|072099', 5, 4, '32134002006', '2014-12-01', '0', '1', '1', '1', '1', '2013-02-26 23:52:53', '2013-03-06 09:07:52'),
(110, 4, '1210000716', '18000716|685035', 5, 4, '32134002006', '2014-12-01', '0', '1', '1', '1', '1', '2013-02-26 23:52:53', '2013-03-06 09:07:52'),
(111, 4, '1210000717', '18000717|761335', 5, 4, '32134002006', '2014-12-01', '0', '1', '1', '1', '1', '2013-02-26 23:52:53', '2013-03-06 09:07:52'),
(112, 4, '1210000718', '18000718|202176', 5, 4, '32134002006', '2014-12-01', '0', '1', '1', '1', '1', '2013-02-26 23:52:53', '2013-03-06 09:07:52'),
(113, 4, '1210000719', '18000719|812434', 5, 4, '32134002006', '2014-12-01', '0', '1', '1', '1', '1', '2013-02-26 23:52:53', '2013-03-06 09:07:52'),
(114, 4, '1210000720', '18000720|547001', 5, 4, '32134002006', '2014-12-01', '0', '1', '1', '1', '1', '2013-02-26 23:52:53', '2013-03-06 09:07:52'),
(115, 4, '1210000721', '18000721|288875', 5, 4, '32134002006', '2014-12-01', '0', '1', '1', '1', '1', '2013-02-26 23:52:53', '2013-05-14 15:54:53'),
(116, 4, '1210000722', '18000722|233409', 5, 4, '32134002006', '2014-12-01', '0', '1', '1', '1', '1', '2013-02-26 23:52:53', '2013-05-14 15:54:53'),
(117, 4, '1210000723', '18000723|869423', 5, 4, '32134002006', '2014-12-01', '0', '1', '1', '1', '1', '2013-02-26 23:52:53', '2013-05-14 15:54:53'),
(118, 4, '1210000724', '18000724|273351', 5, 4, '32134002006', '2014-12-01', '0', '1', '1', '1', '1', '2013-02-26 23:52:53', '2013-05-14 15:54:53'),
(119, 4, '1210000725', '18000725|175547', 5, 4, '32134002006', '2014-12-01', '0', '1', '1', '1', '1', '2013-02-26 23:52:53', '2013-05-14 15:54:53'),
(120, 4, '1210000726', '18000726|333992', 5, 4, '32134002006', '2014-12-01', '0', '1', '1', '1', '1', '2013-02-26 23:52:53', '2013-05-14 15:54:53'),
(121, 4, '1210000727', '18000727|962574', 5, 4, '32134002006', '2014-12-01', '0', '1', '1', '1', '1', '2013-02-26 23:52:53', '2013-05-14 15:54:53'),
(122, 4, '1210000728', '18000728|676335', 5, 4, '32134002006', '2014-12-01', '0', '1', '1', '1', '1', '2013-02-26 23:52:53', '2013-05-14 15:54:53'),
(123, 4, '1210000729', '18000729|122425', 5, 4, '32134002006', '2014-12-01', '0', '1', '1', '1', '1', '2013-02-26 23:52:53', '2013-05-14 15:54:53'),
(124, 4, '1210000730', '18000730|427280', 5, 4, '32134002006', '2014-12-01', '0', '1', '1', '1', '1', '2013-02-26 23:52:53', '2013-05-14 15:54:53'),
(125, 4, '1210000731', '18000731|430786', 5, 4, '32134002006', '2014-12-01', '0', '0', '0', '1', '1', '2013-02-26 23:52:53', '2013-03-06 00:09:54'),
(126, 4, '1210000732', '18000732|387304', 5, 4, '32134002006', '2014-12-01', '0', '0', '0', '1', '1', '2013-02-26 23:52:53', '2013-03-06 00:09:54'),
(127, 4, '1210000733', '18000733|548875', 5, 4, '32134002006', '2014-12-01', '0', '0', '0', '1', '1', '2013-02-26 23:52:53', '2013-03-06 00:09:54'),
(128, 4, '1210000734', '18000734|109959', 5, 4, '32134002006', '2014-12-01', '0', '0', '0', '1', '1', '2013-02-26 23:52:53', '2013-03-06 00:09:54'),
(129, 4, '1210000735', '18000735|399213', 5, 4, '32134002006', '2014-12-01', '0', '0', '0', '1', '1', '2013-02-26 23:52:53', '2013-03-06 00:09:54'),
(130, 4, '1210000736', '18000736|311032', 5, 4, '32134002006', '2014-12-01', '0', '0', '0', '1', '1', '2013-02-26 23:52:53', '2013-03-06 00:09:54'),
(131, 4, '1210000737', '18000737|306390', 5, 4, '32134002006', '2014-12-01', '0', '0', '0', '1', '1', '2013-02-26 23:52:53', '2013-03-06 00:09:54'),
(132, 4, '1210000738', '18000738|388938', 5, 4, '32134002006', '2014-12-01', '0', '0', '0', '1', '1', '2013-02-26 23:52:53', '2013-03-06 00:09:54'),
(133, 4, '1210000739', '18000739|284491', 5, 4, '32134002006', '2014-12-01', '0', '0', '0', '1', '1', '2013-02-26 23:52:53', '2013-03-06 00:09:54'),
(134, 4, '1210000740', '18000740|298138', 5, 4, '32134002006', '2014-12-01', '0', '0', '0', '1', '1', '2013-02-26 23:52:53', '2013-03-06 00:09:54'),
(135, 4, '1210000741', '18000741|291597', 5, 4, '32134002006', '2014-12-01', '0', '0', '0', '1', '1', '2013-02-26 23:52:53', '2013-03-06 00:09:54'),
(136, 4, '1210000742', '18000742|264403', 5, 4, '32134002006', '2014-12-01', '0', '0', '0', '1', '1', '2013-02-26 23:52:53', '2013-03-06 00:09:54'),
(137, 4, '1210000743', '18000743|118972', 5, 4, '32134002006', '2014-12-01', '0', '0', '0', '1', '1', '2013-02-26 23:52:53', '2013-03-06 00:09:54'),
(138, 4, '1210000744', '18000744|919921', 5, 4, '32134002006', '2014-12-01', '0', '0', '0', '1', '1', '2013-02-26 23:52:53', '2013-03-06 00:09:54'),
(139, 4, '1210000745', '18000745|434930', 5, 4, '32134002006', '2014-12-01', '0', '0', '0', '1', '1', '2013-02-26 23:52:53', '2013-03-06 00:09:54'),
(140, 4, '1210000746', '18000746|210046', 5, 4, '32134002006', '2014-12-01', '0', '0', '0', '1', '1', '2013-02-26 23:52:53', '2013-03-06 00:09:54'),
(141, 4, '1210000747', '18000747|058409', 5, 4, '32134002006', '2014-12-01', '0', '0', '0', '1', '1', '2013-02-26 23:52:53', '2013-03-06 00:09:54'),
(142, 4, '1210000748', '18000748|389420', 5, 4, '32134002006', '2014-12-01', '0', '0', '0', '1', '1', '2013-02-26 23:52:53', '2013-03-06 00:09:54'),
(143, 4, '1210000749', '18000749|255927', 5, 4, '32134002006', '2014-12-01', '0', '0', '0', '1', '1', '2013-02-26 23:52:53', '2013-03-06 00:09:54'),
(144, 4, '1210000750', '18000750|634343', 5, 4, '32134002006', '2014-12-01', '0', '0', '0', '1', '1', '2013-02-26 23:52:53', '2013-03-06 00:09:54'),
(145, 4, '1210000751', '18000751|564852', 5, 4, '32134002006', '2014-12-01', '0', '0', '0', '1', '1', '2013-02-26 23:52:53', '2013-03-06 00:09:54'),
(146, 4, '1210000752', '18000752|920301', 5, 4, '32134002006', '2014-12-01', '0', '0', '0', '1', '1', '2013-02-26 23:52:53', '2013-03-06 00:09:54'),
(147, 4, '1210000753', '18000753|986783', 5, 4, '32134002006', '2014-12-01', '0', '0', '0', '1', '1', '2013-02-26 23:52:53', '2013-03-06 00:10:33'),
(148, 4, '1210000754', '18000754|762224', 5, 4, '32134002006', '2014-12-01', '0', '0', '0', '1', '1', '2013-02-26 23:52:53', '2013-03-06 00:10:33'),
(149, 4, '1210000755', '18000755|588434', 5, 4, '32134002006', '2014-12-01', '0', '0', '0', '1', '1', '2013-02-26 23:52:53', '2013-03-06 00:10:33'),
(150, 4, '1210000756', '18000756|529659', 5, 4, '32134002006', '2014-12-01', '0', '0', '0', '1', '1', '2013-02-26 23:52:53', '2013-03-06 00:10:33'),
(151, 4, '1210000757', '18000757|963206', 5, 4, '32134002006', '2014-12-01', '0', '0', '0', '1', '1', '2013-02-26 23:52:53', '2013-03-06 00:10:33'),
(152, 4, '1210000758', '18000758|993437', 5, 4, '32134002006', '2014-12-01', '0', '0', '0', '1', '1', '2013-02-26 23:52:53', '2013-03-06 00:10:33'),
(153, 4, '1210000759', '18000759|514424', 5, 4, '32134002006', '2014-12-01', '0', '0', '0', '1', '1', '2013-02-26 23:52:53', '2013-03-06 00:10:33'),
(154, 4, '1210000760', '18000760|837444', 5, 4, '32134002006', '2014-12-01', '0', '0', '0', '1', '1', '2013-02-26 23:52:53', '2013-03-06 00:10:33'),
(155, 4, '1210000761', '18000761|292626', 5, 4, '32134002006', '2014-12-01', '0', '0', '0', '1', '1', '2013-02-26 23:52:53', '2013-03-06 00:10:33'),
(156, 4, '1210000762', '18000762|323236', 5, 4, '32134002006', '2014-12-01', '0', '0', '0', '1', '1', '2013-02-26 23:52:53', '2013-03-06 00:10:33'),
(157, 4, '1210000763', '18000763|721920', 5, 4, '32134002006', '2014-12-01', '0', '0', '0', '1', '1', '2013-02-26 23:52:53', '2013-03-06 00:10:33'),
(158, 4, '1210000764', '18000764|084200', 5, 4, '32134002006', '2014-12-01', '0', '0', '0', '1', '1', '2013-02-26 23:52:53', '2013-03-06 00:10:33'),
(159, 4, '1210000765', '18000765|265960', 5, 4, '32134002006', '2014-12-01', '0', '0', '0', '1', '1', '2013-02-26 23:52:53', '2013-03-06 00:10:33'),
(160, 4, '1210000766', '18000766|136175', 5, 4, '32134002006', '2014-12-01', '0', '0', '0', '1', '1', '2013-02-26 23:52:53', '2013-03-06 00:10:33'),
(161, 4, '1210000767', '18000767|877448', 5, 4, '32134002006', '2014-12-01', '0', '0', '0', '1', '1', '2013-02-26 23:52:53', '2013-03-06 00:10:33'),
(162, 4, '1210000768', '18000768|765371', 5, 4, '32134002006', '2014-12-01', '0', '0', '0', '1', '1', '2013-02-26 23:52:53', '2013-03-06 00:10:33'),
(163, 4, '1210000769', '18000769|203512', 5, 4, '32134002006', '2014-12-01', '0', '0', '0', '1', '1', '2013-02-26 23:52:53', '2013-03-06 00:10:33'),
(164, 4, '1210000770', '18000770|757253', 5, 4, '32134002006', '2014-12-01', '0', '0', '0', '1', '1', '2013-02-26 23:52:53', '2013-03-06 00:10:33'),
(165, 4, '1210000771', '18000771|489386', 5, 4, '32134002006', '2014-12-01', '0', '0', '0', '1', '1', '2013-02-26 23:52:53', '2013-03-06 00:10:33'),
(166, 4, '1210000772', '18000772|910124', 5, 4, '32134002006', '2014-12-01', '0', '0', '0', '1', '1', '2013-02-26 23:52:53', '2013-03-06 00:10:33'),
(167, 4, '1210000773', '18000773|185443', 5, 4, '32134002006', '2014-12-01', '0', '0', '0', '1', '1', '2013-02-26 23:52:53', '2013-03-06 00:10:33'),
(168, 4, '1210000774', '18000774|241003', 5, 4, '32134002006', '2014-12-01', '0', '0', '0', '1', '1', '2013-02-26 23:52:53', '2013-03-06 00:10:33'),
(169, 4, '1210000775', '18000775|864569', 5, 4, '32134002006', '2014-12-01', '0', '0', '0', '1', '1', '2013-02-26 23:52:53', '2013-03-06 00:10:33'),
(170, 4, '1210000776', '18000776|625757', 5, 4, '32134002006', '2014-12-01', '0', '0', '0', '1', '1', '2013-02-26 23:52:53', '2013-03-06 00:10:33'),
(171, 4, '1210000777', '18000777|431634', 5, 4, '32134002006', '2014-12-01', '0', '0', '0', '1', '1', '2013-02-26 23:52:53', '2013-03-06 00:10:33'),
(172, 4, '1210000778', '18000778|342339', 5, 4, '32134002006', '2014-12-01', '0', '0', '0', '1', '1', '2013-02-26 23:52:53', '2013-03-06 00:10:33'),
(173, 4, '1210000779', '18000779|119945', 5, 4, '32134002006', '2014-12-01', '0', '0', '0', '1', '1', '2013-02-26 23:52:53', '2013-03-06 00:10:33'),
(174, 4, '1210000780', '18000780|835234', 5, 4, '32134002006', '2014-12-01', '0', '0', '0', '1', '1', '2013-02-26 23:52:53', '2013-03-06 00:10:33'),
(175, 4, '1210000781', '18000781|371131', 5, 4, '32134002006', '2014-12-01', '0', '0', '0', '1', '1', '2013-02-26 23:52:53', '2013-03-06 00:10:33'),
(176, 4, '1210000782', '18000782|286402', 5, 4, '32134002006', '2014-12-01', '0', '0', '0', '1', '1', '2013-02-26 23:52:53', '2013-03-06 00:10:33'),
(177, 4, '1210000783', '18000783|195024', 5, 4, '32134002006', '2014-12-01', '0', '0', '0', '1', '1', '2013-02-26 23:52:53', '2013-03-06 00:10:33'),
(178, 4, '1210000784', '18000784|369657', 5, 4, '32134002006', '2014-12-01', '0', '0', '0', '1', '1', '2013-02-26 23:52:53', '2013-03-06 00:10:33'),
(179, 4, '1210000785', '18000785|731411', 5, 4, '32134002006', '2014-12-01', '0', '0', '0', '1', '1', '2013-02-26 23:52:53', '2013-03-06 00:10:33'),
(180, 4, '1210000786', '18000786|123415', 5, 4, '32134002006', '2014-12-01', '0', '0', '0', '1', '1', '2013-02-26 23:52:53', '2013-03-06 00:10:33'),
(181, 4, '1210000787', '18000787|395940', 5, 4, '32134002006', '2014-12-01', '0', '0', '0', '1', '1', '2013-02-26 23:52:53', '2013-03-06 00:10:33'),
(182, 4, '1210000788', '18000788|416012', 5, 4, '32134002006', '2014-12-01', '0', '0', '0', '1', '1', '2013-02-26 23:52:53', '2013-03-06 00:10:33'),
(183, 4, '1210000789', '18000789|745027', 5, 4, '32134002006', '2014-12-01', '0', '0', '0', '1', '1', '2013-02-26 23:52:53', '2013-03-06 00:10:33'),
(184, 4, '1210000790', '18000790|558233', 5, 4, '32134002006', '2014-12-01', '0', '0', '0', '1', '1', '2013-02-26 23:52:53', '2013-03-06 00:10:33'),
(185, 4, '1210000791', '18000791|383176', 5, 4, '32134002006', '2014-12-01', '0', '0', '0', '1', '1', '2013-02-26 23:52:53', '2013-03-06 00:10:33'),
(186, 4, '1210000792', '18000792|300212', 5, 4, '32134002006', '2014-12-01', '0', '0', '0', '1', '1', '2013-02-26 23:52:53', '2013-03-06 00:10:33'),
(187, 4, '1210000793', '18000793|473007', 5, 4, '32134002006', '2014-12-01', '0', '0', '0', '1', '1', '2013-02-26 23:52:53', '2013-03-06 00:10:33'),
(188, 4, '1210000794', '18000794|904830', 5, 4, '32134002006', '2014-12-01', '0', '0', '0', '1', '1', '2013-02-26 23:52:53', '2013-03-06 00:10:33'),
(189, 4, '1210000795', '18000795|963044', 5, 4, '32134002006', '2014-12-01', '0', '0', '0', '1', '1', '2013-02-26 23:52:53', '2013-03-06 00:10:33'),
(190, 4, '1210000796', '18000796|968162', 5, 4, '32134002006', '2014-12-01', '0', '0', '0', '1', '1', '2013-02-26 23:52:53', '2013-03-06 00:10:33'),
(191, 4, '1210000797', '18000797|310918', 5, 4, '32134002006', '2014-12-01', '0', '0', '0', '1', '1', '2013-02-26 23:52:53', '2013-03-06 00:10:33'),
(192, 4, '1210000798', '18000798|588537', 5, 4, '32134002006', '2014-12-01', '0', '0', '0', '1', '1', '2013-02-26 23:52:53', '2013-03-06 00:10:33'),
(193, 4, '1210000799', '18000799|807965', 5, 4, '32134002006', '2014-12-01', '0', '0', '0', '1', '1', '2013-02-26 23:52:53', '2013-03-06 00:10:33'),
(194, 4, '1210000800', '18000800|578202', 5, 4, '32134002006', '2014-12-01', '0', '0', '0', '1', '1', '2013-02-26 23:52:53', '2013-03-06 00:10:33'),
(195, 4, '1210000801', '18000801|675990', 5, 4, '32134002006', '2014-12-01', '0', '0', '0', '1', '1', '2013-02-26 23:52:53', '2013-03-06 00:10:33'),
(196, 4, '1210000802', '18000802|374447', 5, 4, '32134002006', '2014-12-01', '0', '0', '0', '1', '1', '2013-02-26 23:52:53', '2013-03-06 00:10:33'),
(197, 4, '1210000803', '18000803|610547', 5, 4, '32134002006', '2014-12-01', '0', '0', '0', '1', '1', '2013-02-26 23:52:53', '2013-03-06 00:10:41'),
(198, 4, '1210000804', '18000804|011408', 5, 4, '32134002006', '2014-12-01', '0', '0', '0', '1', '1', '2013-02-26 23:52:53', '2013-03-06 00:10:41'),
(199, 4, '1210000805', '18000805|269060', 5, 4, '32134002006', '2014-12-01', '0', '0', '0', '1', '1', '2013-02-26 23:52:53', '2013-03-06 00:10:41'),
(200, 4, '1210000806', '18000806|041891', 5, 4, '32134002006', '2014-12-01', '0', '0', '0', '1', '1', '2013-02-26 23:52:53', '2013-03-06 00:10:41'),
(201, 4, '1210000807', '18000807|993099', 5, 4, '32134002006', '2014-12-01', '0', '0', '0', '1', '1', '2013-02-26 23:52:53', '2013-03-06 00:10:41'),
(202, 4, '1210000808', '18000808|220068', 5, 4, '32134002006', '2014-12-01', '0', '0', '0', '1', '1', '2013-02-26 23:52:53', '2013-03-06 00:10:41'),
(203, 4, '1210000809', '18000809|895038', 5, 4, '32134002006', '2014-12-01', '0', '0', '0', '1', '1', '2013-02-26 23:52:53', '2013-03-06 00:10:41'),
(204, 4, '1210000810', '18000810|564252', 5, 4, '32134002006', '2014-12-01', '0', '0', '0', '1', '1', '2013-02-26 23:52:53', '2013-03-06 00:10:41'),
(205, 4, '1210000811', '18000811|382712', 5, 4, '32134002006', '2014-12-01', '0', '0', '0', '1', '1', '2013-02-26 23:52:53', '2013-03-06 00:10:41'),
(206, 4, '1210000812', '18000812|037426', 5, 4, '32134002006', '2014-12-01', '0', '0', '0', '1', '1', '2013-02-26 23:52:53', '2013-03-06 00:10:41'),
(207, 4, '1210000813', '18000813|269887', 5, 4, '32134002006', '2014-12-01', '0', '0', '0', '1', '1', '2013-02-26 23:52:53', '2013-03-06 00:10:41'),
(208, 4, '1210000814', '18000814|142402', 5, 4, '32134002006', '2014-12-01', '0', '0', '0', '1', '1', '2013-02-26 23:52:53', '2013-03-06 00:10:41'),
(209, 4, '1210000815', '18000815|464454', 5, 4, '32134002006', '2014-12-01', '0', '0', '0', '1', '1', '2013-02-26 23:52:53', '2013-03-06 00:10:41'),
(210, 4, '1210000816', '18000816|871368', 5, 4, '32134002006', '2014-12-01', '0', '0', '0', '1', '1', '2013-02-26 23:52:53', '2013-03-06 00:10:41'),
(211, 4, '1210000817', '18000817|617711', 5, 4, '32134002006', '2014-12-01', '0', '0', '0', '1', '1', '2013-02-26 23:52:53', '2013-03-06 00:10:41'),
(212, 4, '1210000818', '18000818|751728', 5, 4, '32134002006', '2014-12-01', '0', '0', '0', '1', '1', '2013-02-26 23:52:53', '2013-03-06 00:10:41'),
(213, 4, '1210000819', '18000819|239203', 5, 4, '32134002006', '2014-12-01', '0', '0', '0', '1', '1', '2013-02-26 23:52:53', '2013-03-06 00:10:41'),
(214, 4, '1210000820', '18000820|821266', 5, 4, '32134002006', '2014-12-01', '0', '0', '0', '1', '1', '2013-02-26 23:52:53', '2013-03-06 00:10:41'),
(215, 5, '1210000621', '18000621|023037', 5, 4, '32134002006', '2014-12-01', '0', '1', '1', '1', '1', '2013-02-26 23:56:42', '2013-03-06 09:07:52'),
(216, 5, '1210000622', '18000622|863177', 5, 4, '32134002006', '2014-12-01', '0', '1', '1', '1', '1', '2013-02-26 23:56:42', '2013-03-06 09:07:52'),
(217, 5, '1210000623', '18000623|110275', 5, 4, '32134002006', '2014-12-01', '0', '1', '1', '1', '1', '2013-02-26 23:56:42', '2013-03-06 09:07:52'),
(218, 5, '1210000624', '18000624|882496', 5, 4, '32134002006', '2014-12-01', '0', '1', '1', '1', '1', '2013-02-26 23:56:42', '2013-03-06 09:07:52'),
(219, 5, '1210000625', '18000625|035140', 5, 4, '32134002006', '2014-12-01', '0', '1', '1', '1', '1', '2013-02-26 23:56:42', '2013-03-06 09:07:52'),
(220, 5, '1210000626', '18000626|975709', 5, 4, '32134002006', '2014-12-01', '0', '1', '1', '1', '1', '2013-02-26 23:56:42', '2013-03-06 09:07:52'),
(221, 5, '1210000627', '18000627|831336', 5, 4, '32134002006', '2014-12-01', '0', '1', '1', '1', '1', '2013-02-26 23:56:42', '2013-03-06 09:07:52'),
(222, 5, '1210000628', '18000628|905825', 5, 4, '32134002006', '2014-12-01', '0', '1', '1', '1', '1', '2013-02-26 23:56:42', '2013-03-06 09:07:52'),
(223, 5, '1210000629', '18000629|736489', 5, 4, '32134002006', '2014-12-01', '0', '1', '1', '1', '1', '2013-02-26 23:56:42', '2013-03-06 09:07:52'),
(224, 5, '1210000630', '18000630|337542', 5, 4, '32134002006', '2014-12-01', '0', '1', '1', '1', '1', '2013-02-26 23:56:42', '2013-03-06 09:07:52'),
(225, 5, '1210000631', '18000631|462741', 5, 4, '32134002006', '2014-12-01', '0', '1', '1', '1', '1', '2013-02-26 23:56:42', '2013-03-06 09:07:52'),
(226, 5, '1210000632', '18000632|464043', 5, 4, '32134002006', '2014-12-01', '0', '1', '1', '1', '1', '2013-02-26 23:56:42', '2013-03-06 09:07:52'),
(227, 5, '1210000633', '18000633|743157', 5, 4, '32134002006', '2014-12-01', '0', '1', '1', '1', '1', '2013-02-26 23:56:42', '2013-03-06 09:07:52'),
(228, 5, '1210000634', '18000634|419539', 5, 4, '32134002006', '2014-12-01', '0', '1', '1', '1', '1', '2013-02-26 23:56:42', '2013-03-06 09:07:52'),
(229, 5, '1210000635', '18000635|722285', 5, 4, '32134002006', '2014-12-01', '0', '1', '1', '1', '1', '2013-02-26 23:56:42', '2013-03-06 09:07:52'),
(230, 5, '1210000636', '18000636|587447', 5, 4, '32134002006', '2014-12-01', '0', '1', '1', '1', '1', '2013-02-26 23:56:42', '2013-03-06 09:07:52'),
(231, 5, '1210000637', '18000637|671548', 5, 4, '32134002006', '2014-12-01', '0', '1', '1', '1', '1', '2013-02-26 23:56:42', '2013-03-06 09:07:52'),
(232, 5, '1210000638', '18000638|724857', 5, 4, '32134002006', '2014-12-01', '0', '1', '1', '1', '1', '2013-02-26 23:56:42', '2013-03-06 09:07:52'),
(233, 5, '1210000639', '18000639|550931', 5, 4, '32134002006', '2014-12-01', '0', '1', '1', '1', '1', '2013-02-26 23:56:42', '2013-03-06 09:07:52'),
(234, 5, '1210000640', '18000640|949668', 5, 4, '32134002006', '2014-12-01', '0', '1', '1', '1', '1', '2013-02-26 23:56:42', '2013-03-06 09:07:52'),
(235, 5, '1210000641', '18000641|376746', 5, 4, '32134002006', '2014-12-01', '0', '1', '1', '1', '1', '2013-02-26 23:56:42', '2013-03-06 09:07:52'),
(236, 5, '1210000642', '18000642|432561', 5, 4, '32134002006', '2014-12-01', '0', '1', '1', '1', '1', '2013-02-26 23:56:42', '2013-03-06 09:07:52'),
(237, 5, '1210000643', '18000643|231036', 5, 4, '32134002006', '2014-12-01', '0', '1', '1', '1', '1', '2013-02-26 23:56:42', '2013-03-06 09:07:52'),
(238, 5, '1210000644', '18000644|978330', 5, 4, '32134002006', '2014-12-01', '0', '1', '1', '1', '1', '2013-02-26 23:56:42', '2013-03-06 09:07:52'),
(239, 5, '1210000645', '18000645|872307', 5, 4, '32134002006', '2014-12-01', '0', '1', '1', '1', '1', '2013-02-26 23:56:42', '2013-03-06 09:07:52'),
(240, 5, '1210000646', '18000646|638558', 5, 4, '32134002006', '2014-12-01', '0', '1', '1', '1', '1', '2013-02-26 23:56:42', '2013-03-06 09:07:52'),
(241, 5, '1210000647', '18000647|411777', 5, 4, '32134002006', '2014-12-01', '0', '1', '1', '1', '1', '2013-02-26 23:56:42', '2013-03-06 09:07:52'),
(242, 5, '1210000648', '18000648|485864', 5, 4, '32134002006', '2014-12-01', '0', '1', '1', '1', '1', '2013-02-26 23:56:42', '2013-03-06 09:07:52'),
(243, 5, '1210000649', '18000649|249752', 5, 4, '32134002006', '2014-12-01', '0', '1', '1', '1', '1', '2013-02-26 23:56:42', '2013-03-06 09:07:52'),
(244, 5, '1210000650', '18000650|738243', 5, 4, '32134002006', '2014-12-01', '0', '1', '1', '1', '1', '2013-02-26 23:56:42', '2013-03-06 09:07:52'),
(245, 5, '1210000651', '18000651|474104', 5, 4, '32134002006', '2014-12-01', '0', '1', '1', '1', '1', '2013-02-26 23:56:42', '2013-03-06 09:07:52'),
(246, 5, '1210000652', '18000652|967772', 5, 4, '32134002006', '2014-12-01', '0', '1', '1', '1', '1', '2013-02-26 23:56:42', '2013-03-06 09:07:52'),
(247, 5, '1210000653', '18000653|324899', 5, 4, '32134002006', '2014-12-01', '0', '1', '1', '1', '1', '2013-02-26 23:56:42', '2013-03-06 09:07:52'),
(248, 5, '1210000654', '18000654|466338', 5, 4, '32134002006', '2014-12-01', '0', '1', '1', '1', '1', '2013-02-26 23:56:42', '2013-03-06 09:07:52'),
(249, 5, '1210000655', '18000655|708815', 5, 4, '32134002006', '2014-12-01', '0', '1', '1', '1', '1', '2013-02-26 23:56:42', '2013-03-06 09:07:52'),
(250, 5, '1210000656', '18000656|232127', 5, 4, '32134002006', '2014-12-01', '0', '1', '1', '1', '1', '2013-02-26 23:56:42', '2013-03-06 09:07:52'),
(251, 5, '1210000657', '18000657|013973', 5, 4, '32134002006', '2014-12-01', '0', '1', '1', '1', '1', '2013-02-26 23:56:42', '2013-03-06 09:07:52'),
(252, 5, '1210000658', '18000658|614579', 5, 4, '32134002006', '2014-12-01', '0', '1', '1', '1', '1', '2013-02-26 23:56:42', '2013-03-06 09:07:52'),
(253, 5, '1210000659', '18000659|350481', 5, 4, '32134002006', '2014-12-01', '0', '1', '1', '1', '1', '2013-02-26 23:56:42', '2013-03-06 09:07:52'),
(254, 5, '1210000660', '18000660|281312', 5, 4, '32134002006', '2014-12-01', '0', '1', '1', '1', '1', '2013-02-26 23:56:42', '2013-03-06 09:07:52'),
(255, 5, '1210000661', '18000661|661733', 5, 4, '32134002006', '2014-12-01', '0', '1', '1', '1', '1', '2013-02-26 23:56:42', '2013-03-06 09:07:52'),
(256, 5, '1210000662', '18000662|781263', 5, 4, '32134002006', '2014-12-01', '0', '1', '1', '1', '1', '2013-02-26 23:56:42', '2013-03-06 09:07:52'),
(257, 5, '1210000663', '18000663|214876', 5, 4, '32134002006', '2014-12-01', '0', '1', '1', '1', '1', '2013-02-26 23:56:42', '2013-03-06 09:07:52'),
(258, 5, '1210000664', '18000664|763853', 5, 4, '32134002006', '2014-12-01', '0', '1', '1', '1', '1', '2013-02-26 23:56:42', '2013-03-06 09:07:52'),
(259, 5, '1210000665', '18000665|844701', 5, 4, '32134002006', '2014-12-01', '0', '1', '1', '1', '1', '2013-02-26 23:56:42', '2013-03-06 09:07:52'),
(260, 5, '1210000666', '18000666|860657', 5, 4, '32134002006', '2014-12-01', '0', '1', '1', '1', '1', '2013-02-26 23:56:42', '2013-03-06 09:07:52'),
(261, 5, '1210000667', '18000667|144053', 5, 4, '32134002006', '2014-12-01', '0', '1', '1', '1', '1', '2013-02-26 23:56:42', '2013-03-06 09:07:52'),
(262, 5, '1210000668', '18000668|059206', 5, 4, '32134002006', '2014-12-01', '0', '1', '1', '1', '1', '2013-02-26 23:56:42', '2013-03-06 09:07:52'),
(263, 5, '1210000669', '18000669|397509', 5, 4, '32134002006', '2014-12-01', '0', '1', '1', '1', '1', '2013-02-26 23:56:42', '2013-03-06 09:07:52'),
(264, 5, '1210000670', '18000670|911128', 5, 4, '32134002006', '2014-12-01', '0', '1', '1', '1', '1', '2013-02-26 23:56:42', '2013-03-06 09:07:52'),
(265, 5, '1210000671', '18000671|014201', 5, 4, '32134002006', '2014-12-01', '0', '1', '1', '1', '1', '2013-02-26 23:56:42', '2013-03-06 09:07:52'),
(266, 5, '1210000672', '18000672|054630', 5, 4, '32134002006', '2014-12-01', '0', '1', '1', '1', '1', '2013-02-26 23:56:42', '2013-03-06 09:07:52'),
(267, 5, '1210000673', '18000673|912595', 5, 4, '32134002006', '2014-12-01', '0', '1', '1', '1', '1', '2013-02-26 23:56:42', '2013-03-06 09:07:52'),
(268, 5, '1210000674', '18000674|402656', 5, 4, '32134002006', '2014-12-01', '0', '1', '1', '1', '1', '2013-02-26 23:56:42', '2013-03-06 09:07:52'),
(269, 5, '1210000675', '18000675|313325', 5, 4, '32134002006', '2014-12-01', '0', '1', '1', '1', '1', '2013-02-26 23:56:42', '2013-03-06 09:07:52'),
(270, 5, '1210000676', '18000676|516271', 5, 4, '32134002006', '2014-12-01', '0', '1', '1', '1', '1', '2013-02-26 23:56:42', '2013-03-06 09:07:52'),
(271, 5, '1210000677', '18000677|215212', 5, 4, '32134002006', '2014-12-01', '0', '1', '1', '1', '1', '2013-02-26 23:56:42', '2013-03-06 09:07:52'),
(272, 5, '1210000678', '18000678|174979', 5, 4, '32134002006', '2014-12-01', '0', '1', '1', '1', '1', '2013-02-26 23:56:42', '2013-03-06 09:07:52'),
(273, 5, '1210000679', '18000679|836483', 5, 4, '32134002006', '2014-12-01', '0', '1', '1', '1', '1', '2013-02-26 23:56:42', '2013-03-06 09:07:52'),
(274, 5, '1210000680', '18000680|849520', 5, 4, '32134002006', '2014-12-01', '0', '1', '1', '1', '1', '2013-02-26 23:56:42', '2013-03-06 09:07:52'),
(275, 5, '1210000681', '18000681|641116', 5, 4, '32134002006', '2014-12-01', '0', '1', '1', '1', '1', '2013-02-26 23:56:42', '2013-03-06 09:07:52'),
(276, 5, '1210000682', '18000682|949561', 5, 4, '32134002006', '2014-12-01', '0', '1', '1', '1', '1', '2013-02-26 23:56:42', '2013-03-06 09:07:52'),
(277, 5, '1210000683', '18000683|239067', 5, 4, '32134002006', '2014-12-01', '0', '1', '1', '1', '1', '2013-02-26 23:56:42', '2013-03-06 09:07:52'),
(278, 5, '1210000684', '18000684|843952', 5, 4, '32134002006', '2014-12-01', '0', '1', '1', '1', '1', '2013-02-26 23:56:42', '2013-03-06 09:07:52'),
(279, 5, '1210000685', '18000685|292990', 5, 4, '32134002006', '2014-12-01', '0', '1', '1', '1', '1', '2013-02-26 23:56:42', '2013-03-06 09:07:52'),
(280, 5, '1210000686', '18000686|058375', 5, 4, '32134002006', '2014-12-01', '0', '1', '1', '1', '1', '2013-02-26 23:56:42', '2013-03-06 09:07:52'),
(281, 5, '1210000687', '18000687|717797', 5, 4, '32134002006', '2014-12-01', '0', '1', '1', '1', '1', '2013-02-26 23:56:42', '2013-03-06 09:07:52'),
(282, 5, '1210000688', '18000688|464912', 5, 4, '32134002006', '2014-12-01', '0', '1', '1', '1', '1', '2013-02-26 23:56:42', '2013-03-06 09:07:52'),
(283, 5, '1210000689', '18000689|869156', 5, 4, '32134002006', '2014-12-01', '0', '1', '1', '1', '1', '2013-02-26 23:56:42', '2013-03-06 09:07:52'),
(284, 5, '1210000690', '18000690|754166', 5, 4, '32134002006', '2014-12-01', '0', '1', '1', '1', '1', '2013-02-26 23:56:42', '2013-03-06 09:07:52'),
(285, 5, '1210000691', '18000691|496496', 5, 4, '32134002006', '2014-12-01', '0', '1', '1', '1', '1', '2013-02-26 23:56:42', '2013-03-06 09:07:52'),
(286, 5, '1210000692', '18000692|089740', 5, 4, '32134002006', '2014-12-01', '0', '1', '1', '1', '1', '2013-02-26 23:56:42', '2013-03-06 09:07:52'),
(287, 5, '1210000693', '18000693|538251', 5, 4, '32134002006', '2014-12-01', '0', '1', '1', '1', '1', '2013-02-26 23:56:42', '2013-03-06 09:07:52'),
(288, 5, '1210000694', '18000694|982064', 5, 4, '32134002006', '2014-12-01', '0', '1', '1', '1', '1', '2013-02-26 23:56:42', '2013-03-06 09:07:52'),
(289, 5, '1210000695', '18000695|984757', 5, 4, '32134002006', '2014-12-01', '0', '1', '1', '1', '1', '2013-02-26 23:56:42', '2013-03-06 09:07:52'),
(290, 5, '1210000696', '18000696|002912', 5, 4, '32134002006', '2014-12-01', '0', '1', '1', '1', '1', '2013-02-26 23:56:42', '2013-03-06 09:07:52'),
(291, 5, '1210000697', '18000697|394869', 5, 4, '32134002006', '2014-12-01', '0', '1', '1', '1', '1', '2013-02-26 23:56:42', '2013-03-06 09:07:52'),
(292, 5, '1210000698', '18000698|637989', 5, 4, '32134002006', '2014-12-01', '0', '1', '1', '1', '1', '2013-02-26 23:56:42', '2013-03-06 09:07:52'),
(293, 5, '1210000699', '18000699|590303', 5, 4, '32134002006', '2014-12-01', '0', '1', '1', '1', '1', '2013-02-26 23:56:42', '2013-03-06 09:07:52'),
(294, 5, '1210000700', '18000700|270918', 5, 4, '32134002006', '2014-12-01', '0', '1', '1', '1', '1', '2013-02-26 23:56:42', '2013-03-06 09:07:52'),
(295, 5, '1210000701', '18000701|421249', 5, 4, '32134002006', '2014-12-01', '0', '1', '1', '1', '1', '2013-02-26 23:56:42', '2013-03-06 09:07:52'),
(296, 5, '1210000702', '18000702|874257', 5, 4, '32134002006', '2014-12-01', '0', '1', '1', '1', '1', '2013-02-26 23:56:42', '2013-03-06 09:07:52'),
(297, 5, '1210000703', '18000703|484630', 5, 4, '32134002006', '2014-12-01', '0', '1', '1', '1', '1', '2013-02-26 23:56:42', '2013-03-06 09:07:52'),
(298, 5, '1210000704', '18000704|887102', 5, 4, '32134002006', '2014-12-01', '0', '1', '1', '1', '1', '2013-02-26 23:56:42', '2013-03-06 09:07:52'),
(299, 5, '1210000705', '18000705|328498', 5, 4, '32134002006', '2014-12-01', '0', '1', '1', '1', '1', '2013-02-26 23:56:42', '2013-03-06 09:07:52'),
(300, 5, '1210000706', '18000706|407244', 5, 4, '32134002006', '2014-12-01', '0', '1', '1', '1', '1', '2013-02-26 23:56:42', '2013-03-06 09:07:52'),
(301, 5, '1210000707', '18000707|853644', 5, 4, '32134002006', '2014-12-01', '0', '1', '1', '1', '1', '2013-02-26 23:56:42', '2013-03-06 09:07:52'),
(302, 5, '1210000708', '18000708|563886', 5, 4, '32134002006', '2014-12-01', '0', '1', '1', '1', '1', '2013-02-26 23:56:42', '2013-03-06 09:07:52'),
(303, 5, '1210000709', '18000709|411032', 5, 4, '32134002006', '2014-12-01', '0', '1', '1', '1', '1', '2013-02-26 23:56:42', '2013-03-06 09:07:52'),
(304, 5, '1210000710', '18000710|919698', 5, 4, '32134002006', '2014-12-01', '0', '1', '1', '1', '1', '2013-02-26 23:56:42', '2013-03-06 09:07:52'),
(305, 5, '1210000711', '18000711|413193', 5, 4, '32134002006', '2014-12-01', '0', '1', '1', '1', '1', '2013-02-26 23:56:42', '2013-03-06 09:07:52'),
(306, 5, '1210000712', '18000712|980332', 5, 4, '32134002006', '2014-12-01', '0', '1', '1', '1', '1', '2013-02-26 23:56:42', '2013-03-06 09:07:52'),
(307, 5, '1210000713', '18000713|653420', 5, 4, '32134002006', '2014-12-01', '0', '1', '1', '1', '1', '2013-02-26 23:56:42', '2013-03-06 09:07:52'),
(308, 5, '1210000714', '18000714|568498', 5, 4, '32134002006', '2014-12-01', '0', '1', '1', '1', '1', '2013-02-26 23:56:42', '2013-03-06 09:07:52'),
(309, 5, '1210000715', '18000715|072099', 5, 4, '32134002006', '2014-12-01', '0', '1', '1', '1', '1', '2013-02-26 23:56:42', '2013-03-06 09:07:52'),
(310, 5, '1210000716', '18000716|685035', 5, 4, '32134002006', '2014-12-01', '0', '1', '1', '1', '1', '2013-02-26 23:56:42', '2013-03-06 09:07:52'),
(311, 5, '1210000717', '18000717|761335', 5, 4, '32134002006', '2014-12-01', '0', '1', '1', '1', '1', '2013-02-26 23:56:42', '2013-03-06 09:07:52'),
(312, 5, '1210000718', '18000718|202176', 5, 4, '32134002006', '2014-12-01', '0', '1', '1', '1', '1', '2013-02-26 23:56:42', '2013-03-06 09:07:52'),
(313, 5, '1210000719', '18000719|812434', 5, 4, '32134002006', '2014-12-01', '0', '1', '1', '1', '1', '2013-02-26 23:56:42', '2013-03-06 09:07:52'),
(314, 5, '1210000720', '18000720|547001', 5, 4, '32134002006', '2014-12-01', '0', '1', '1', '1', '1', '2013-02-26 23:56:42', '2013-03-06 09:07:52'),
(315, 5, '1210000721', '18000721|288875', 5, 4, '32134002006', '2014-12-01', '0', '1', '1', '1', '1', '2013-02-26 23:56:42', '2013-05-14 15:54:53'),
(316, 5, '1210000722', '18000722|233409', 5, 4, '32134002006', '2014-12-01', '0', '1', '1', '1', '1', '2013-02-26 23:56:42', '2013-05-14 15:54:53'),
(317, 5, '1210000723', '18000723|869423', 5, 4, '32134002006', '2014-12-01', '0', '1', '1', '1', '1', '2013-02-26 23:56:42', '2013-05-14 15:54:53'),
(318, 5, '1210000724', '18000724|273351', 5, 4, '32134002006', '2014-12-01', '0', '1', '1', '1', '1', '2013-02-26 23:56:42', '2013-05-14 15:54:53'),
(319, 5, '1210000725', '18000725|175547', 5, 4, '32134002006', '2014-12-01', '0', '1', '1', '1', '1', '2013-02-26 23:56:42', '2013-05-14 15:54:53'),
(320, 5, '1210000726', '18000726|333992', 5, 4, '32134002006', '2014-12-01', '0', '1', '1', '1', '1', '2013-02-26 23:56:42', '2013-05-14 15:54:53'),
(321, 5, '1210000727', '18000727|962574', 5, 4, '32134002006', '2014-12-01', '0', '1', '1', '1', '1', '2013-02-26 23:56:42', '2013-05-14 15:54:53'),
(322, 5, '1210000728', '18000728|676335', 5, 4, '32134002006', '2014-12-01', '0', '1', '1', '1', '1', '2013-02-26 23:56:42', '2013-05-14 15:54:53'),
(323, 5, '1210000729', '18000729|122425', 5, 4, '32134002006', '2014-12-01', '0', '1', '1', '1', '1', '2013-02-26 23:56:42', '2013-05-14 15:54:53'),
(324, 5, '1210000730', '18000730|427280', 5, 4, '32134002006', '2014-12-01', '0', '1', '1', '1', '1', '2013-02-26 23:56:42', '2013-05-14 15:54:53'),
(325, 5, '1210000731', '18000731|430786', 5, 4, '32134002006', '2014-12-01', '0', '0', '0', '1', '1', '2013-02-26 23:56:42', '2013-03-05 15:45:38'),
(326, 5, '1210000732', '18000732|387304', 5, 4, '32134002006', '2014-12-01', '0', '0', '0', '1', '1', '2013-02-26 23:56:42', '2013-03-05 15:45:38'),
(327, 5, '1210000733', '18000733|548875', 5, 4, '32134002006', '2014-12-01', '0', '0', '0', '1', '1', '2013-02-26 23:56:42', '2013-03-05 15:45:38'),
(328, 5, '1210000734', '18000734|109959', 5, 4, '32134002006', '2014-12-01', '0', '0', '0', '1', '1', '2013-02-26 23:56:42', '2013-03-05 15:45:38'),
(329, 5, '1210000735', '18000735|399213', 5, 4, '32134002006', '2014-12-01', '0', '0', '0', '1', '1', '2013-02-26 23:56:42', '2013-03-05 15:45:38'),
(330, 5, '1210000736', '18000736|311032', 5, 4, '32134002006', '2014-12-01', '0', '0', '0', '1', '1', '2013-02-26 23:56:42', '2013-03-05 15:45:38'),
(331, 5, '1210000737', '18000737|306390', 5, 4, '32134002006', '2014-12-01', '0', '0', '0', '1', '1', '2013-02-26 23:56:42', '2013-03-05 15:45:38'),
(332, 5, '1210000738', '18000738|388938', 5, 4, '32134002006', '2014-12-01', '0', '0', '0', '1', '1', '2013-02-26 23:56:42', '2013-03-05 15:45:38'),
(333, 5, '1210000739', '18000739|284491', 5, 4, '32134002006', '2014-12-01', '0', '0', '0', '1', '1', '2013-02-26 23:56:42', '2013-03-05 15:45:38'),
(334, 5, '1210000740', '18000740|298138', 5, 4, '32134002006', '2014-12-01', '0', '0', '0', '1', '1', '2013-02-26 23:56:42', '2013-03-05 15:45:38'),
(335, 5, '1210000741', '18000741|291597', 5, 4, '32134002006', '2014-12-01', '0', '0', '0', '1', '1', '2013-02-26 23:56:42', '2013-03-05 15:45:38'),
(336, 5, '1210000742', '18000742|264403', 5, 4, '32134002006', '2014-12-01', '0', '0', '0', '1', '1', '2013-02-26 23:56:42', '2013-03-05 15:45:38'),
(337, 5, '1210000743', '18000743|118972', 5, 4, '32134002006', '2014-12-01', '0', '0', '0', '1', '1', '2013-02-26 23:56:42', '2013-03-05 15:45:38'),
(338, 5, '1210000744', '18000744|919921', 5, 4, '32134002006', '2014-12-01', '0', '0', '0', '1', '1', '2013-02-26 23:56:42', '2013-03-05 15:45:38'),
(339, 5, '1210000745', '18000745|434930', 5, 4, '32134002006', '2014-12-01', '0', '0', '0', '1', '1', '2013-02-26 23:56:42', '2013-03-05 15:45:38'),
(340, 5, '1210000746', '18000746|210046', 5, 4, '32134002006', '2014-12-01', '0', '0', '0', '1', '1', '2013-02-26 23:56:42', '2013-03-05 15:45:38'),
(341, 5, '1210000747', '18000747|058409', 5, 4, '32134002006', '2014-12-01', '0', '0', '0', '1', '1', '2013-02-26 23:56:42', '2013-03-05 15:45:38');
INSERT INTO `coupons` (`id`, `batch_id`, `coupon_id`, `activation_code`, `vendor_id`, `category_id`, `product_code`, `expire_date`, `is_locked`, `is_sold`, `is_pulled`, `is_active`, `is_deleted`, `created`, `modified`) VALUES
(342, 5, '1210000748', '18000748|389420', 5, 4, '32134002006', '2014-12-01', '0', '0', '0', '1', '1', '2013-02-26 23:56:42', '2013-03-05 15:45:38'),
(343, 5, '1210000749', '18000749|255927', 5, 4, '32134002006', '2014-12-01', '0', '0', '0', '1', '1', '2013-02-26 23:56:42', '2013-03-05 15:45:38'),
(344, 5, '1210000750', '18000750|634343', 5, 4, '32134002006', '2014-12-01', '0', '0', '0', '1', '1', '2013-02-26 23:56:42', '2013-03-05 15:45:38'),
(345, 5, '1210000751', '18000751|564852', 5, 4, '32134002006', '2014-12-01', '0', '0', '0', '1', '1', '2013-02-26 23:56:42', '2013-03-05 15:45:38'),
(346, 5, '1210000752', '18000752|920301', 5, 4, '32134002006', '2014-12-01', '0', '0', '0', '1', '1', '2013-02-26 23:56:42', '2013-03-05 15:45:38'),
(347, 5, '1210000753', '18000753|986783', 5, 4, '32134002006', '2014-12-01', '0', '0', '0', '1', '1', '2013-02-26 23:56:42', '2013-03-05 15:45:38'),
(348, 5, '1210000754', '18000754|762224', 5, 4, '32134002006', '2014-12-01', '0', '0', '0', '1', '1', '2013-02-26 23:56:42', '2013-03-05 15:45:38'),
(349, 5, '1210000755', '18000755|588434', 5, 4, '32134002006', '2014-12-01', '0', '0', '0', '1', '1', '2013-02-26 23:56:42', '2013-03-05 15:45:38'),
(350, 5, '1210000756', '18000756|529659', 5, 4, '32134002006', '2014-12-01', '0', '0', '0', '1', '1', '2013-02-26 23:56:42', '2013-03-05 15:45:38'),
(351, 5, '1210000757', '18000757|963206', 5, 4, '32134002006', '2014-12-01', '0', '0', '0', '1', '1', '2013-02-26 23:56:42', '2013-03-05 15:45:38'),
(352, 5, '1210000758', '18000758|993437', 5, 4, '32134002006', '2014-12-01', '0', '0', '0', '1', '1', '2013-02-26 23:56:42', '2013-03-05 15:45:38'),
(353, 5, '1210000759', '18000759|514424', 5, 4, '32134002006', '2014-12-01', '0', '0', '0', '1', '1', '2013-02-26 23:56:42', '2013-03-05 15:45:38'),
(354, 5, '1210000760', '18000760|837444', 5, 4, '32134002006', '2014-12-01', '0', '0', '0', '1', '1', '2013-02-26 23:56:42', '2013-03-05 15:45:38'),
(355, 5, '1210000761', '18000761|292626', 5, 4, '32134002006', '2014-12-01', '0', '0', '0', '1', '1', '2013-02-26 23:56:42', '2013-03-05 15:45:38'),
(356, 5, '1210000762', '18000762|323236', 5, 4, '32134002006', '2014-12-01', '0', '0', '0', '1', '1', '2013-02-26 23:56:42', '2013-03-05 15:45:38'),
(357, 5, '1210000763', '18000763|721920', 5, 4, '32134002006', '2014-12-01', '0', '0', '0', '1', '1', '2013-02-26 23:56:42', '2013-03-05 15:45:38'),
(358, 5, '1210000764', '18000764|084200', 5, 4, '32134002006', '2014-12-01', '0', '0', '0', '1', '1', '2013-02-26 23:56:42', '2013-03-05 15:45:38'),
(359, 5, '1210000765', '18000765|265960', 5, 4, '32134002006', '2014-12-01', '0', '0', '0', '1', '1', '2013-02-26 23:56:42', '2013-03-05 15:45:38'),
(360, 5, '1210000766', '18000766|136175', 5, 4, '32134002006', '2014-12-01', '0', '0', '0', '1', '1', '2013-02-26 23:56:42', '2013-03-05 15:45:38'),
(361, 5, '1210000767', '18000767|877448', 5, 4, '32134002006', '2014-12-01', '0', '0', '0', '1', '1', '2013-02-26 23:56:42', '2013-03-05 15:45:38'),
(362, 5, '1210000768', '18000768|765371', 5, 4, '32134002006', '2014-12-01', '0', '0', '0', '1', '1', '2013-02-26 23:56:42', '2013-03-05 15:45:38'),
(363, 5, '1210000769', '18000769|203512', 5, 4, '32134002006', '2014-12-01', '0', '0', '0', '1', '1', '2013-02-26 23:56:42', '2013-03-05 15:45:38'),
(364, 5, '1210000770', '18000770|757253', 5, 4, '32134002006', '2014-12-01', '0', '0', '0', '1', '1', '2013-02-26 23:56:42', '2013-03-05 15:45:38'),
(365, 5, '1210000771', '18000771|489386', 5, 4, '32134002006', '2014-12-01', '0', '0', '0', '1', '1', '2013-02-26 23:56:42', '2013-03-05 15:45:38'),
(366, 5, '1210000772', '18000772|910124', 5, 4, '32134002006', '2014-12-01', '0', '0', '0', '1', '1', '2013-02-26 23:56:42', '2013-03-05 15:45:38'),
(367, 5, '1210000773', '18000773|185443', 5, 4, '32134002006', '2014-12-01', '0', '0', '0', '1', '1', '2013-02-26 23:56:42', '2013-03-05 15:45:38'),
(368, 5, '1210000774', '18000774|241003', 5, 4, '32134002006', '2014-12-01', '0', '0', '0', '1', '1', '2013-02-26 23:56:42', '2013-03-05 15:45:38'),
(369, 5, '1210000775', '18000775|864569', 5, 4, '32134002006', '2014-12-01', '0', '0', '0', '1', '1', '2013-02-26 23:56:42', '2013-03-05 15:45:38'),
(370, 5, '1210000776', '18000776|625757', 5, 4, '32134002006', '2014-12-01', '0', '0', '0', '1', '1', '2013-02-26 23:56:42', '2013-03-05 15:45:38'),
(371, 5, '1210000777', '18000777|431634', 5, 4, '32134002006', '2014-12-01', '0', '0', '0', '1', '1', '2013-02-26 23:56:42', '2013-03-05 15:45:38'),
(372, 5, '1210000778', '18000778|342339', 5, 4, '32134002006', '2014-12-01', '0', '0', '0', '1', '1', '2013-02-26 23:56:42', '2013-03-05 15:45:38'),
(373, 5, '1210000779', '18000779|119945', 5, 4, '32134002006', '2014-12-01', '0', '0', '0', '1', '1', '2013-02-26 23:56:42', '2013-03-05 15:45:38'),
(374, 5, '1210000780', '18000780|835234', 5, 4, '32134002006', '2014-12-01', '0', '0', '0', '1', '1', '2013-02-26 23:56:42', '2013-03-05 15:45:38'),
(375, 5, '1210000781', '18000781|371131', 5, 4, '32134002006', '2014-12-01', '0', '0', '0', '1', '1', '2013-02-26 23:56:42', '2013-03-05 15:45:38'),
(376, 5, '1210000782', '18000782|286402', 5, 4, '32134002006', '2014-12-01', '0', '0', '0', '1', '1', '2013-02-26 23:56:42', '2013-03-05 15:45:38'),
(377, 5, '1210000783', '18000783|195024', 5, 4, '32134002006', '2014-12-01', '0', '0', '0', '1', '1', '2013-02-26 23:56:42', '2013-03-05 15:45:38'),
(378, 5, '1210000784', '18000784|369657', 5, 4, '32134002006', '2014-12-01', '0', '0', '0', '1', '1', '2013-02-26 23:56:42', '2013-03-05 15:45:38'),
(379, 5, '1210000785', '18000785|731411', 5, 4, '32134002006', '2014-12-01', '0', '0', '0', '1', '1', '2013-02-26 23:56:42', '2013-03-05 15:45:38'),
(380, 5, '1210000786', '18000786|123415', 5, 4, '32134002006', '2014-12-01', '0', '0', '0', '1', '1', '2013-02-26 23:56:42', '2013-03-05 15:45:38'),
(381, 5, '1210000787', '18000787|395940', 5, 4, '32134002006', '2014-12-01', '0', '0', '0', '1', '1', '2013-02-26 23:56:42', '2013-03-05 15:45:38'),
(382, 5, '1210000788', '18000788|416012', 5, 4, '32134002006', '2014-12-01', '0', '0', '0', '1', '1', '2013-02-26 23:56:42', '2013-03-05 15:45:38'),
(383, 5, '1210000789', '18000789|745027', 5, 4, '32134002006', '2014-12-01', '0', '0', '0', '1', '1', '2013-02-26 23:56:42', '2013-03-05 15:45:38'),
(384, 5, '1210000790', '18000790|558233', 5, 4, '32134002006', '2014-12-01', '0', '0', '0', '1', '1', '2013-02-26 23:56:42', '2013-03-05 15:45:38'),
(385, 5, '1210000791', '18000791|383176', 5, 4, '32134002006', '2014-12-01', '0', '0', '0', '1', '1', '2013-02-26 23:56:42', '2013-03-05 15:45:38'),
(386, 5, '1210000792', '18000792|300212', 5, 4, '32134002006', '2014-12-01', '0', '0', '0', '1', '1', '2013-02-26 23:56:42', '2013-03-05 15:45:38'),
(387, 5, '1210000793', '18000793|473007', 5, 4, '32134002006', '2014-12-01', '0', '0', '0', '1', '1', '2013-02-26 23:56:42', '2013-03-05 15:45:38'),
(388, 5, '1210000794', '18000794|904830', 5, 4, '32134002006', '2014-12-01', '0', '0', '0', '1', '1', '2013-02-26 23:56:42', '2013-03-05 15:45:38'),
(389, 5, '1210000795', '18000795|963044', 5, 4, '32134002006', '2014-12-01', '0', '0', '0', '1', '1', '2013-02-26 23:56:42', '2013-03-05 15:45:38'),
(390, 5, '1210000796', '18000796|968162', 5, 4, '32134002006', '2014-12-01', '0', '0', '0', '1', '1', '2013-02-26 23:56:42', '2013-03-05 15:45:38'),
(391, 5, '1210000797', '18000797|310918', 5, 4, '32134002006', '2014-12-01', '0', '0', '0', '1', '1', '2013-02-26 23:56:42', '2013-03-05 15:45:38'),
(392, 5, '1210000798', '18000798|588537', 5, 4, '32134002006', '2014-12-01', '0', '0', '0', '1', '1', '2013-02-26 23:56:42', '2013-03-05 15:45:38'),
(393, 5, '1210000799', '18000799|807965', 5, 4, '32134002006', '2014-12-01', '0', '0', '0', '1', '1', '2013-02-26 23:56:42', '2013-03-05 15:45:38'),
(394, 5, '1210000800', '18000800|578202', 5, 4, '32134002006', '2014-12-01', '0', '0', '0', '1', '1', '2013-02-26 23:56:42', '2013-03-05 15:45:38'),
(395, 5, '1210000801', '18000801|675990', 5, 4, '32134002006', '2014-12-01', '0', '0', '0', '1', '1', '2013-02-26 23:56:42', '2013-03-05 15:45:38'),
(396, 5, '1210000802', '18000802|374447', 5, 4, '32134002006', '2014-12-01', '0', '0', '0', '1', '1', '2013-02-26 23:56:42', '2013-03-05 15:45:38'),
(397, 5, '1210000803', '18000803|610547', 5, 4, '32134002006', '2014-12-01', '0', '0', '0', '1', '1', '2013-02-26 23:56:42', '2013-03-05 15:45:38'),
(398, 5, '1210000804', '18000804|011408', 5, 4, '32134002006', '2014-12-01', '0', '0', '0', '1', '1', '2013-02-26 23:56:42', '2013-03-05 15:45:38'),
(399, 5, '1210000805', '18000805|269060', 5, 4, '32134002006', '2014-12-01', '0', '0', '0', '1', '1', '2013-02-26 23:56:42', '2013-03-05 15:45:38'),
(400, 5, '1210000806', '18000806|041891', 5, 4, '32134002006', '2014-12-01', '0', '0', '0', '1', '1', '2013-02-26 23:56:42', '2013-03-05 15:45:38'),
(401, 5, '1210000807', '18000807|993099', 5, 4, '32134002006', '2014-12-01', '0', '0', '0', '1', '1', '2013-02-26 23:56:42', '2013-03-05 15:45:38'),
(402, 5, '1210000808', '18000808|220068', 5, 4, '32134002006', '2014-12-01', '0', '0', '0', '1', '1', '2013-02-26 23:56:42', '2013-03-05 15:45:38'),
(403, 5, '1210000809', '18000809|895038', 5, 4, '32134002006', '2014-12-01', '0', '0', '0', '1', '1', '2013-02-26 23:56:42', '2013-03-05 15:45:38'),
(404, 5, '1210000810', '18000810|564252', 5, 4, '32134002006', '2014-12-01', '0', '0', '0', '1', '1', '2013-02-26 23:56:42', '2013-03-05 15:45:38'),
(405, 5, '1210000811', '18000811|382712', 5, 4, '32134002006', '2014-12-01', '0', '0', '0', '1', '1', '2013-02-26 23:56:42', '2013-03-05 15:45:38'),
(406, 5, '1210000812', '18000812|037426', 5, 4, '32134002006', '2014-12-01', '0', '0', '0', '1', '1', '2013-02-26 23:56:42', '2013-03-05 15:45:38'),
(407, 5, '1210000813', '18000813|269887', 5, 4, '32134002006', '2014-12-01', '0', '0', '0', '1', '1', '2013-02-26 23:56:42', '2013-03-05 15:45:38'),
(408, 5, '1210000814', '18000814|142402', 5, 4, '32134002006', '2014-12-01', '0', '0', '0', '1', '1', '2013-02-26 23:56:42', '2013-03-05 15:45:38'),
(409, 5, '1210000815', '18000815|464454', 5, 4, '32134002006', '2014-12-01', '0', '0', '0', '1', '1', '2013-02-26 23:56:42', '2013-03-05 15:45:38'),
(410, 5, '1210000816', '18000816|871368', 5, 4, '32134002006', '2014-12-01', '0', '0', '0', '1', '1', '2013-02-26 23:56:42', '2013-03-05 15:45:38'),
(411, 5, '1210000817', '18000817|617711', 5, 4, '32134002006', '2014-12-01', '0', '0', '0', '1', '1', '2013-02-26 23:56:42', '2013-03-05 15:45:38'),
(412, 5, '1210000818', '18000818|751728', 5, 4, '32134002006', '2014-12-01', '0', '0', '0', '1', '1', '2013-02-26 23:56:42', '2013-03-05 15:45:38'),
(413, 5, '1210000819', '18000819|239203', 5, 4, '32134002006', '2014-12-01', '0', '0', '0', '1', '1', '2013-02-26 23:56:42', '2013-03-05 15:45:38'),
(414, 5, '1210000820', '18000820|821266', 5, 4, '32134002006', '2014-12-01', '0', '0', '0', '1', '1', '2013-02-26 23:56:42', '2013-03-05 15:45:38'),
(472, 9, '400123456790', '30012342|01213|012155', 1, 3, '0321654989', '2015-12-12', '0', '1', '1', '1', '1', '2013-02-28 12:55:10', '2013-03-05 15:45:29'),
(473, 9, '400123456791', '30012343|01213|012155', 1, 3, '0321654989', '2015-12-12', '0', '1', '1', '1', '1', '2013-02-28 12:55:10', '2013-03-05 15:45:29'),
(474, 9, '400123456792', '30012344|01213|012155', 1, 3, '0321654989', '2015-12-12', '0', '1', '1', '1', '1', '2013-02-28 12:55:10', '2013-03-05 15:45:29'),
(475, 9, '400123456793', '30012345|01213|012155', 1, 3, '0321654989', '2015-12-12', '0', '1', '1', '1', '1', '2013-02-28 12:55:10', '2013-03-05 15:45:29'),
(476, 10, '4004123456789', '30012341', 1, 3, '0321654989', '2015-12-12', '0', '1', '1', '1', '1', '2013-03-04 13:26:01', '2013-03-06 00:09:24'),
(477, 10, '4001423456790', '30012342', 1, 3, '0321654989', '2015-12-12', '0', '1', '1', '1', '1', '2013-03-04 13:26:01', '2013-03-06 00:09:24'),
(478, 10, '4001423456791', '30012343', 1, 3, '0321654989', '2015-12-12', '0', '1', '1', '1', '1', '2013-03-04 13:26:01', '2013-03-06 00:09:24'),
(479, 10, '4001423456792', '30012344', 1, 3, '0321654989', '2015-12-12', '0', '1', '1', '1', '1', '2013-03-04 13:26:01', '2013-03-06 00:09:24'),
(480, 10, '4001423456793', '30012345', 1, 3, '0321654989', '2015-12-12', '0', '1', '1', '1', '1', '2013-03-04 13:26:01', '2013-03-06 00:09:24'),
(481, 10, '4001243456794', '30012346', 1, 3, '0321654989', '2015-12-12', '0', '1', '1', '1', '1', '2013-03-04 13:26:01', '2013-03-06 00:09:24'),
(482, 10, '40014243456795', '30012347', 1, 3, '0321654989', '2015-12-12', '0', '1', '1', '1', '1', '2013-03-04 13:26:01', '2013-03-06 00:09:24'),
(483, 10, '4001234456796', '30012348', 1, 3, '0321654989', '2015-12-12', '0', '1', '1', '1', '1', '2013-03-04 13:26:01', '2013-03-06 00:09:24'),
(484, 10, '4001234456797', '30012349', 1, 3, '0321654989', '2015-12-12', '0', '1', '1', '1', '1', '2013-03-04 13:26:01', '2013-03-06 00:09:24'),
(485, 10, '4001234456798', '30012350', 1, 3, '0321654989', '2015-12-12', '0', '1', '1', '1', '1', '2013-03-04 13:26:01', '2013-03-06 00:09:24'),
(486, 10, '4001234456789', '30012341', 1, 3, '0321654989', '2015-12-12', '0', '1', '1', '1', '1', '2013-03-04 13:26:01', '2013-03-06 00:09:24'),
(487, 10, '4001234456790', '30012342', 1, 3, '0321654989', '2015-12-12', '0', '1', '1', '1', '1', '2013-03-04 13:26:01', '2013-03-06 00:09:24'),
(488, 10, '4001234456791', '30012343', 1, 3, '0321654989', '2015-12-12', '0', '1', '1', '1', '1', '2013-03-04 13:26:01', '2013-03-06 00:09:24'),
(489, 10, '4001234456792', '30012344', 1, 3, '0321654989', '2015-12-12', '0', '1', '1', '1', '1', '2013-03-04 13:26:01', '2013-03-06 00:09:24'),
(490, 10, '4001234456793', '30012345', 1, 3, '0321654989', '2015-12-12', '0', '1', '1', '1', '1', '2013-03-04 13:26:01', '2013-03-06 00:09:24'),
(491, 10, '4001234456794', '30012346', 1, 3, '0321654989', '2015-12-12', '0', '1', '1', '1', '1', '2013-03-04 13:26:01', '2013-03-06 00:09:24'),
(492, 10, '4001234456795', '30012347', 1, 3, '0321654989', '2015-12-12', '0', '1', '1', '1', '1', '2013-03-04 13:26:01', '2013-03-06 00:09:24'),
(493, 10, '4001234456796', '30012348', 1, 3, '0321654989', '2015-12-12', '0', '1', '1', '1', '1', '2013-03-04 13:26:01', '2013-03-06 00:09:24'),
(494, 10, '4001234456797', '30012349', 1, 3, '0321654989', '2015-12-12', '0', '1', '1', '1', '1', '2013-03-04 13:26:01', '2013-03-06 00:09:24'),
(495, 10, '4001234456798', '30012350', 1, 3, '0321654989', '2015-12-12', '0', '1', '1', '1', '1', '2013-03-04 13:26:01', '2013-03-06 00:09:24'),
(496, 10, '40404123456789', '30012341', 1, 3, '0321654989', '2015-12-12', '0', '1', '1', '1', '1', '2013-03-04 13:26:01', '2013-03-06 00:09:24'),
(497, 10, '400142345436790', '30012342', 1, 3, '0321654989', '2015-12-12', '0', '1', '1', '1', '1', '2013-03-04 13:26:01', '2013-03-06 00:09:24'),
(498, 10, '400144423456791', '30012343', 1, 3, '0321654989', '2015-12-12', '0', '1', '1', '1', '1', '2013-03-04 13:26:01', '2013-03-06 00:09:24'),
(499, 10, '400142345446792', '30012344', 1, 3, '0321654989', '2015-12-12', '0', '1', '1', '1', '1', '2013-03-04 13:26:01', '2013-03-06 00:09:24'),
(500, 10, '400144423456793', '30012345', 1, 3, '0321654989', '2015-12-12', '0', '0', '0', '1', '1', '2013-03-04 13:26:01', '2013-03-04 14:44:08'),
(501, 10, '4001243456794', '30012346', 1, 3, '0321654989', '2015-12-12', '0', '1', '1', '1', '1', '2013-03-04 13:26:01', '2013-03-06 00:09:24'),
(502, 10, '4001424344456795', '30012347', 1, 3, '0321654989', '2015-12-12', '0', '0', '0', '1', '1', '2013-03-04 13:26:01', '2013-03-04 14:44:08'),
(503, 10, '400441234456796', '30012348', 1, 3, '0321654989', '2015-12-12', '0', '0', '0', '1', '1', '2013-03-04 13:26:01', '2013-03-04 14:44:08'),
(504, 10, '400123445674497', '30012349', 1, 3, '0321654989', '2015-12-12', '0', '0', '0', '1', '1', '2013-03-04 13:26:01', '2013-03-04 14:44:08'),
(505, 10, '4444001234456798', '30012350', 1, 3, '0321654989', '2015-12-12', '0', '0', '0', '1', '1', '2013-03-04 13:26:01', '2013-03-04 14:44:08'),
(506, 10, '400123445644789', '30012341', 1, 3, '0321654989', '2015-12-12', '0', '0', '0', '1', '1', '2013-03-04 13:26:01', '2013-03-04 14:44:08'),
(507, 10, '400123444456790', '30012342', 1, 3, '0321654989', '2015-12-12', '0', '0', '0', '1', '1', '2013-03-04 13:26:01', '2013-03-04 14:44:08'),
(508, 10, '400123444456791', '30012343', 1, 3, '0321654989', '2015-12-12', '0', '0', '0', '1', '1', '2013-03-04 13:26:01', '2013-03-04 14:44:08'),
(509, 10, '4044012344567444492', '30012344', 1, 3, '0321654989', '2015-12-12', '0', '0', '0', '1', '1', '2013-03-04 13:26:01', '2013-03-04 14:44:08'),
(510, 10, '400123444456793', '30012345', 1, 3, '0321654989', '2015-12-12', '0', '0', '0', '1', '1', '2013-03-04 13:26:01', '2013-03-04 14:44:08'),
(511, 10, '4001234456794', '30012346', 1, 3, '0321654989', '2015-12-12', '0', '1', '1', '1', '1', '2013-03-04 13:26:01', '2013-03-06 00:09:24'),
(512, 10, '40014444234456795', '30012347', 1, 3, '0321654989', '2015-12-12', '0', '0', '0', '1', '1', '2013-03-04 13:26:01', '2013-03-04 14:44:08'),
(513, 10, '400144234456796', '30012348', 1, 3, '0321654989', '2015-12-12', '0', '0', '0', '1', '1', '2013-03-04 13:26:01', '2013-03-04 14:44:08'),
(514, 10, '40440123445644797', '30012349', 1, 3, '0321654989', '2015-12-12', '0', '0', '0', '1', '1', '2013-03-04 13:26:01', '2013-03-04 14:44:08'),
(515, 10, '400123445644798', '30012350', 1, 3, '0321654989', '2015-12-12', '0', '0', '0', '1', '1', '2013-03-04 13:26:01', '2013-03-04 14:44:08'),
(516, 11, '31653130', '31653130|076551', 2, 5, '5515835', '2014-12-01', '0', '0', '0', '1', '1', '2013-03-06 00:21:23', '2013-03-06 12:21:08'),
(517, 11, '31653131', '31653131|426580', 2, 5, '5515835', '2014-12-01', '0', '0', '0', '1', '1', '2013-03-06 00:21:23', '2013-03-06 12:21:08'),
(518, 11, '31653132', '31653132|171307', 2, 5, '5515835', '2014-12-01', '0', '0', '0', '1', '1', '2013-03-06 00:21:23', '2013-03-06 12:21:08'),
(519, 11, '31653133', '31653133|143992', 2, 5, '5515835', '2014-12-01', '0', '0', '0', '1', '1', '2013-03-06 00:21:23', '2013-03-06 12:21:08'),
(520, 11, '31653134', '31653134|977920', 2, 5, '5515835', '2014-12-01', '0', '0', '0', '1', '1', '2013-03-06 00:21:23', '2013-03-06 12:21:08'),
(521, 11, '31653135', '31653135|375348', 2, 5, '5515835', '2014-12-01', '0', '0', '0', '1', '1', '2013-03-06 00:21:23', '2013-03-06 12:21:08'),
(522, 11, '31653136', '31653136|104586', 2, 5, '5515835', '2014-12-01', '0', '0', '0', '1', '1', '2013-03-06 00:21:23', '2013-03-06 12:21:08'),
(523, 11, '31653137', '31653137|465720', 2, 5, '5515835', '2014-12-01', '0', '0', '0', '1', '1', '2013-03-06 00:21:23', '2013-03-06 12:21:08'),
(524, 11, '31653138', '31653138|548267', 2, 5, '5515835', '2014-12-01', '0', '0', '0', '1', '1', '2013-03-06 00:21:23', '2013-03-06 12:21:08'),
(525, 11, '31653139', '31653139|844575', 2, 5, '5515835', '2014-12-01', '0', '0', '0', '1', '1', '2013-03-06 00:21:23', '2013-03-06 12:21:08'),
(526, 11, '31653140', '31653140|341060', 2, 5, '5515835', '2014-12-01', '0', '0', '0', '1', '1', '2013-03-06 00:21:23', '2013-03-06 12:21:08'),
(527, 11, '31653141', '31653141|565108', 2, 5, '5515835', '2014-12-01', '0', '0', '0', '1', '1', '2013-03-06 00:21:23', '2013-03-06 12:21:08'),
(528, 11, '31653142', '31653142|708887', 2, 5, '5515835', '2014-12-01', '0', '0', '0', '1', '1', '2013-03-06 00:21:23', '2013-03-06 12:21:08'),
(529, 11, '31653143', '31653143|909790', 2, 5, '5515835', '2014-12-01', '0', '0', '0', '1', '1', '2013-03-06 00:21:23', '2013-03-06 12:21:08'),
(530, 11, '31653144', '31653144|904506', 2, 5, '5515835', '2014-12-01', '0', '0', '0', '1', '1', '2013-03-06 00:21:23', '2013-03-06 12:21:08'),
(531, 11, '31653145', '31653145|322526', 2, 5, '5515835', '2014-12-01', '0', '0', '0', '1', '1', '2013-03-06 00:21:23', '2013-03-06 12:21:08'),
(532, 11, '31653146', '31653146|378466', 2, 5, '5515835', '2014-12-01', '0', '0', '0', '1', '1', '2013-03-06 00:21:23', '2013-03-06 12:21:08'),
(533, 11, '31653147', '31653147|158648', 2, 5, '5515835', '2014-12-01', '0', '0', '0', '1', '1', '2013-03-06 00:21:23', '2013-03-06 12:21:08'),
(534, 11, '31653148', '31653148|187951', 2, 5, '5515835', '2014-12-01', '0', '0', '0', '1', '1', '2013-03-06 00:21:23', '2013-03-06 12:21:08'),
(535, 11, '31653149', '31653149|165317', 2, 5, '5515835', '2014-12-01', '0', '0', '0', '1', '1', '2013-03-06 00:21:23', '2013-03-06 12:21:08'),
(536, 11, '31653150', '31653150|719898', 2, 5, '5515835', '2014-12-01', '0', '0', '0', '1', '1', '2013-03-06 00:21:23', '2013-03-06 12:21:08'),
(537, 11, '31653151', '31653151|662139', 2, 5, '5515835', '2014-12-01', '0', '0', '0', '1', '1', '2013-03-06 00:21:23', '2013-03-06 12:21:08'),
(538, 11, '31653152', '31653152|909332', 2, 5, '5515835', '2014-12-01', '0', '0', '0', '1', '1', '2013-03-06 00:21:23', '2013-03-06 12:21:08'),
(539, 11, '31653153', '31653153|469263', 2, 5, '5515835', '2014-12-01', '0', '0', '0', '1', '1', '2013-03-06 00:21:23', '2013-03-06 12:21:08'),
(540, 11, '31653154', '31653154|576458', 2, 5, '5515835', '2014-12-01', '0', '0', '0', '1', '1', '2013-03-06 00:21:23', '2013-03-06 12:21:08'),
(541, 11, '31653155', '31653155|842832', 2, 5, '5515835', '2014-12-01', '0', '0', '0', '1', '1', '2013-03-06 00:21:23', '2013-03-06 12:21:08'),
(542, 11, '31653156', '31653156|501819', 2, 5, '5515835', '2014-12-01', '0', '0', '0', '1', '1', '2013-03-06 00:21:23', '2013-03-06 12:21:08'),
(543, 11, '31653157', '31653157|883570', 2, 5, '5515835', '2014-12-01', '0', '0', '0', '1', '1', '2013-03-06 00:21:23', '2013-03-06 12:21:08'),
(544, 11, '31653158', '31653158|192584', 2, 5, '5515835', '2014-12-01', '0', '0', '0', '1', '1', '2013-03-06 00:21:23', '2013-03-06 12:21:08'),
(545, 11, '31653159', '31653159|443335', 2, 5, '5515835', '2014-12-01', '0', '0', '0', '1', '1', '2013-03-06 00:21:23', '2013-03-06 12:21:08'),
(546, 11, '31653160', '31653160|878164', 2, 5, '5515835', '2014-12-01', '0', '0', '0', '1', '1', '2013-03-06 00:21:23', '2013-03-06 12:21:08'),
(547, 11, '31653161', '31653161|688765', 2, 5, '5515835', '2014-12-01', '0', '0', '0', '1', '1', '2013-03-06 00:21:23', '2013-03-06 12:21:08'),
(548, 11, '31653162', '31653162|319579', 2, 5, '5515835', '2014-12-01', '0', '0', '0', '1', '1', '2013-03-06 00:21:23', '2013-03-06 12:21:08'),
(549, 11, '31653163', '31653163|285537', 2, 5, '5515835', '2014-12-01', '0', '0', '0', '1', '1', '2013-03-06 00:21:23', '2013-03-06 12:21:08'),
(550, 11, '31653164', '31653164|368298', 2, 5, '5515835', '2014-12-01', '0', '0', '0', '1', '1', '2013-03-06 00:21:23', '2013-03-06 12:21:08'),
(551, 11, '31653165', '31653165|214012', 2, 5, '5515835', '2014-12-01', '0', '0', '0', '1', '1', '2013-03-06 00:21:23', '2013-03-06 12:21:08'),
(552, 11, '31653166', '31653166|709074', 2, 5, '5515835', '2014-12-01', '0', '0', '0', '1', '1', '2013-03-06 00:21:23', '2013-03-06 12:21:08'),
(553, 11, '31653167', '31653167|209362', 2, 5, '5515835', '2014-12-01', '0', '0', '0', '1', '1', '2013-03-06 00:21:23', '2013-03-06 12:21:08'),
(554, 11, '31653168', '31653168|098115', 2, 5, '5515835', '2014-12-01', '0', '0', '0', '1', '1', '2013-03-06 00:21:23', '2013-03-06 12:21:08'),
(555, 11, '31653169', '31653169|716785', 2, 5, '5515835', '2014-12-01', '0', '0', '0', '1', '1', '2013-03-06 00:21:23', '2013-03-06 12:21:08'),
(556, 11, '31653170', '31653170|712310', 2, 5, '5515835', '2014-12-01', '0', '0', '0', '1', '1', '2013-03-06 00:21:23', '2013-03-06 12:21:08'),
(557, 11, '31653171', '31653171|613059', 2, 5, '5515835', '2014-12-01', '0', '0', '0', '1', '1', '2013-03-06 00:21:23', '2013-03-06 12:21:08'),
(558, 11, '31653172', '31653172|206538', 2, 5, '5515835', '2014-12-01', '0', '0', '0', '1', '1', '2013-03-06 00:21:23', '2013-03-06 12:21:08'),
(559, 11, '31653173', '31653173|588908', 2, 5, '5515835', '2014-12-01', '0', '0', '0', '1', '1', '2013-03-06 00:21:23', '2013-03-06 12:21:08'),
(560, 11, '31653174', '31653174|929538', 2, 5, '5515835', '2014-12-01', '0', '0', '0', '1', '1', '2013-03-06 00:21:23', '2013-03-06 12:21:08'),
(561, 11, '31653175', '31653175|931191', 2, 5, '5515835', '2014-12-01', '0', '0', '0', '1', '1', '2013-03-06 00:21:23', '2013-03-06 12:21:08'),
(562, 11, '31653176', '31653176|354412', 2, 5, '5515835', '2014-12-01', '0', '0', '0', '1', '1', '2013-03-06 00:21:23', '2013-03-06 12:21:08'),
(563, 11, '31653177', '31653177|737331', 2, 5, '5515835', '2014-12-01', '0', '0', '0', '1', '1', '2013-03-06 00:21:23', '2013-03-06 12:21:08'),
(564, 11, '31653178', '31653178|296410', 2, 5, '5515835', '2014-12-01', '0', '0', '0', '1', '1', '2013-03-06 00:21:23', '2013-03-06 12:21:08'),
(565, 11, '31653179', '31653179|974868', 2, 5, '5515835', '2014-12-01', '0', '0', '0', '1', '1', '2013-03-06 00:21:23', '2013-03-06 12:21:08'),
(566, 11, '31653180', '31653180|495499', 2, 5, '5515835', '2014-12-01', '0', '0', '0', '1', '1', '2013-03-06 00:21:23', '2013-03-06 12:21:08'),
(567, 11, '31653181', '31653181|473749', 2, 5, '5515835', '2014-12-01', '0', '0', '0', '1', '1', '2013-03-06 00:21:23', '2013-03-06 12:21:08'),
(568, 11, '31653182', '31653182|620668', 2, 5, '5515835', '2014-12-01', '0', '0', '0', '1', '1', '2013-03-06 00:21:23', '2013-03-06 12:21:08'),
(569, 11, '31653183', '31653183|694519', 2, 5, '5515835', '2014-12-01', '0', '0', '0', '1', '1', '2013-03-06 00:21:23', '2013-03-06 12:21:08'),
(570, 11, '31653184', '31653184|780037', 2, 5, '5515835', '2014-12-01', '0', '0', '0', '1', '1', '2013-03-06 00:21:23', '2013-03-06 12:21:08'),
(571, 11, '31653185', '31653185|365584', 2, 5, '5515835', '2014-12-01', '0', '0', '0', '1', '1', '2013-03-06 00:21:23', '2013-03-06 12:21:08'),
(572, 11, '31653186', '31653186|622489', 2, 5, '5515835', '2014-12-01', '0', '0', '0', '1', '1', '2013-03-06 00:21:23', '2013-03-06 12:21:08'),
(573, 11, '31653187', '31653187|668513', 2, 5, '5515835', '2014-12-01', '0', '0', '0', '1', '1', '2013-03-06 00:21:23', '2013-03-06 12:21:08'),
(574, 11, '31653188', '31653188|806425', 2, 5, '5515835', '2014-12-01', '0', '0', '0', '1', '1', '2013-03-06 00:21:23', '2013-03-06 12:21:08'),
(575, 11, '31653189', '31653189|567462', 2, 5, '5515835', '2014-12-01', '0', '0', '0', '1', '1', '2013-03-06 00:21:23', '2013-03-06 12:21:08'),
(576, 11, '31653190', '31653190|204326', 2, 5, '5515835', '2014-12-01', '0', '0', '0', '1', '1', '2013-03-06 00:21:23', '2013-03-06 12:21:08'),
(577, 11, '31653191', '31653191|183479', 2, 5, '5515835', '2014-12-01', '0', '0', '0', '1', '1', '2013-03-06 00:21:23', '2013-03-06 12:21:08'),
(578, 11, '31653192', '31653192|505880', 2, 5, '5515835', '2014-12-01', '0', '0', '0', '1', '1', '2013-03-06 00:21:23', '2013-03-06 12:21:08'),
(579, 11, '31653193', '31653193|839119', 2, 5, '5515835', '2014-12-01', '0', '0', '0', '1', '1', '2013-03-06 00:21:23', '2013-03-06 12:21:08'),
(580, 11, '31653194', '31653194|574566', 2, 5, '5515835', '2014-12-01', '0', '0', '0', '1', '1', '2013-03-06 00:21:23', '2013-03-06 12:21:08'),
(581, 11, '31653195', '31653195|246459', 2, 5, '5515835', '2014-12-01', '0', '0', '0', '1', '1', '2013-03-06 00:21:23', '2013-03-06 12:21:08'),
(582, 11, '31653196', '31653196|162817', 2, 5, '5515835', '2014-12-01', '0', '0', '0', '1', '1', '2013-03-06 00:21:23', '2013-03-06 12:21:08'),
(583, 11, '31653197', '31653197|368724', 2, 5, '5515835', '2014-12-01', '0', '0', '0', '1', '1', '2013-03-06 00:21:23', '2013-03-06 12:21:08'),
(584, 11, '31653198', '31653198|438543', 2, 5, '5515835', '2014-12-01', '0', '0', '0', '1', '1', '2013-03-06 00:21:23', '2013-03-06 12:21:08'),
(585, 11, '31653199', '31653199|625497', 2, 5, '5515835', '2014-12-01', '0', '0', '0', '1', '1', '2013-03-06 00:21:23', '2013-03-06 12:21:08'),
(586, 11, '31653200', '31653200|374045', 2, 5, '5515835', '2014-12-01', '0', '0', '0', '1', '1', '2013-03-06 00:21:23', '2013-03-06 12:21:08'),
(587, 11, '31653201', '31653201|000710', 2, 5, '5515835', '2014-12-01', '0', '0', '0', '1', '1', '2013-03-06 00:21:23', '2013-03-06 12:21:08'),
(588, 11, '31653202', '31653202|717501', 2, 5, '5515835', '2014-12-01', '0', '0', '0', '1', '1', '2013-03-06 00:21:23', '2013-03-06 12:21:08'),
(589, 11, '31653203', '31653203|073984', 2, 5, '5515835', '2014-12-01', '0', '0', '0', '1', '1', '2013-03-06 00:21:23', '2013-03-06 12:21:08'),
(590, 11, '31653204', '31653204|597339', 2, 5, '5515835', '2014-12-01', '0', '0', '0', '1', '1', '2013-03-06 00:21:23', '2013-03-06 12:21:08'),
(591, 11, '31653205', '31653205|432749', 2, 5, '5515835', '2014-12-01', '0', '0', '0', '1', '1', '2013-03-06 00:21:23', '2013-03-06 12:21:08'),
(592, 11, '31653206', '31653206|955371', 2, 5, '5515835', '2014-12-01', '0', '0', '0', '1', '1', '2013-03-06 00:21:23', '2013-03-06 12:21:08'),
(593, 11, '31653207', '31653207|864612', 2, 5, '5515835', '2014-12-01', '0', '0', '0', '1', '1', '2013-03-06 00:21:23', '2013-03-06 12:21:08'),
(594, 11, '31653208', '31653208|795581', 2, 5, '5515835', '2014-12-01', '0', '0', '0', '1', '1', '2013-03-06 00:21:23', '2013-03-06 12:21:08'),
(595, 11, '31653209', '31653209|855724', 2, 5, '5515835', '2014-12-01', '0', '0', '0', '1', '1', '2013-03-06 00:21:23', '2013-03-06 12:21:08'),
(596, 11, '31653210', '31653210|869500', 2, 5, '5515835', '2014-12-01', '0', '0', '0', '1', '1', '2013-03-06 00:21:23', '2013-03-06 12:21:08'),
(597, 11, '31653211', '31653211|860582', 2, 5, '5515835', '2014-12-01', '0', '0', '0', '1', '1', '2013-03-06 00:21:23', '2013-03-06 12:21:08'),
(598, 11, '31653212', '31653212|599087', 2, 5, '5515835', '2014-12-01', '0', '0', '0', '1', '1', '2013-03-06 00:21:23', '2013-03-06 12:21:08'),
(599, 11, '31653213', '31653213|036720', 2, 5, '5515835', '2014-12-01', '0', '0', '0', '1', '1', '2013-03-06 00:21:23', '2013-03-06 12:21:08'),
(600, 11, '31653214', '31653214|429563', 2, 5, '5515835', '2014-12-01', '0', '0', '0', '1', '1', '2013-03-06 00:21:23', '2013-03-06 12:21:08'),
(601, 11, '31653215', '31653215|402374', 2, 5, '5515835', '2014-12-01', '0', '0', '0', '1', '1', '2013-03-06 00:21:23', '2013-03-06 12:21:08'),
(602, 11, '31653216', '31653216|581662', 2, 5, '5515835', '2014-12-01', '0', '0', '0', '1', '1', '2013-03-06 00:21:23', '2013-03-06 12:21:08'),
(603, 11, '31653217', '31653217|282437', 2, 5, '5515835', '2014-12-01', '0', '0', '0', '1', '1', '2013-03-06 00:21:23', '2013-03-06 12:21:08'),
(604, 11, '31653218', '31653218|007289', 2, 5, '5515835', '2014-12-01', '0', '0', '0', '1', '1', '2013-03-06 00:21:23', '2013-03-06 12:21:08'),
(605, 11, '31653219', '31653219|138180', 2, 5, '5515835', '2014-12-01', '0', '0', '0', '1', '1', '2013-03-06 00:21:23', '2013-03-06 12:21:08'),
(606, 11, '31653220', '31653220|677386', 2, 5, '5515835', '2014-12-01', '0', '0', '0', '1', '1', '2013-03-06 00:21:23', '2013-03-06 12:21:08'),
(607, 11, '31653221', '31653221|392808', 2, 5, '5515835', '2014-12-01', '0', '0', '0', '1', '1', '2013-03-06 00:21:23', '2013-03-06 12:21:08'),
(608, 11, '31653222', '31653222|419543', 2, 5, '5515835', '2014-12-01', '0', '0', '0', '1', '1', '2013-03-06 00:21:23', '2013-03-06 12:21:08'),
(609, 11, '31653223', '31653223|634919', 2, 5, '5515835', '2014-12-01', '0', '0', '0', '1', '1', '2013-03-06 00:21:23', '2013-03-06 12:21:08'),
(610, 11, '31653224', '31653224|587849', 2, 5, '5515835', '2014-12-01', '0', '0', '0', '1', '1', '2013-03-06 00:21:23', '2013-03-06 12:21:08'),
(611, 11, '31653225', '31653225|929570', 2, 5, '5515835', '2014-12-01', '0', '0', '0', '1', '1', '2013-03-06 00:21:23', '2013-03-06 12:21:08'),
(612, 11, '31653226', '31653226|836295', 2, 5, '5515835', '2014-12-01', '0', '0', '0', '1', '1', '2013-03-06 00:21:23', '2013-03-06 12:21:08'),
(613, 11, '31653227', '31653227|599687', 2, 5, '5515835', '2014-12-01', '0', '0', '0', '1', '1', '2013-03-06 00:21:23', '2013-03-06 12:21:08'),
(614, 11, '31653228', '31653228|222429', 2, 5, '5515835', '2014-12-01', '0', '0', '0', '1', '1', '2013-03-06 00:21:23', '2013-03-06 12:21:08'),
(615, 11, '31653229', '31653229|933053', 2, 5, '5515835', '2014-12-01', '0', '0', '0', '1', '1', '2013-03-06 00:21:23', '2013-03-06 12:21:08'),
(616, 12, '1210000621', '18000621|023037', 6, 4, '32134002006', '2014-12-01', '0', '1', '0', '1', '1', '2013-03-06 14:09:33', '2013-04-09 14:54:22'),
(617, 12, '1210000622', '18000622|863177', 6, 4, '32134002006', '2014-12-01', '0', '1', '0', '1', '1', '2013-03-06 14:09:33', '2013-05-06 13:20:40'),
(618, 12, '1210000623', '18000623|110275', 6, 4, '32134002006', '2014-12-01', '0', '1', '0', '1', '1', '2013-03-06 14:09:33', '2013-05-14 15:34:49'),
(619, 12, '1210000624', '18000624|882496', 6, 4, '32134002006', '2014-12-01', '0', '0', '0', '1', '1', '2013-03-06 14:09:33', '2013-03-06 14:10:04'),
(620, 12, '1210000625', '18000625|035140', 6, 4, '32134002006', '2014-12-01', '0', '0', '0', '1', '1', '2013-03-06 14:09:33', '2013-03-06 14:10:04'),
(621, 12, '1210000626', '18000626|975709', 6, 4, '32134002006', '2014-12-01', '0', '0', '0', '1', '1', '2013-03-06 14:09:33', '2013-03-06 14:10:04'),
(622, 12, '1210000627', '18000627|831336', 6, 4, '32134002006', '2014-12-01', '0', '0', '0', '1', '1', '2013-03-06 14:09:33', '2013-03-06 14:10:04'),
(623, 12, '1210000628', '18000628|905825', 6, 4, '32134002006', '2014-12-01', '0', '0', '0', '1', '1', '2013-03-06 14:09:33', '2013-03-06 14:10:04'),
(624, 12, '1210000629', '18000629|736489', 6, 4, '32134002006', '2014-12-01', '0', '0', '0', '1', '1', '2013-03-06 14:09:33', '2013-03-06 14:10:04'),
(625, 12, '1210000630', '18000630|337542', 6, 4, '32134002006', '2014-12-01', '0', '0', '0', '1', '1', '2013-03-06 14:09:33', '2013-03-06 14:10:04'),
(626, 12, '1210000631', '18000631|462741', 6, 4, '32134002006', '2014-12-01', '0', '0', '0', '1', '1', '2013-03-06 14:09:33', '2013-03-06 14:10:04'),
(627, 12, '1210000632', '18000632|464043', 6, 4, '32134002006', '2014-12-01', '0', '0', '0', '1', '1', '2013-03-06 14:09:33', '2013-03-06 14:10:04'),
(628, 12, '1210000633', '18000633|743157', 6, 4, '32134002006', '2014-12-01', '0', '0', '0', '1', '1', '2013-03-06 14:09:33', '2013-03-06 14:10:04'),
(629, 12, '1210000634', '18000634|419539', 6, 4, '32134002006', '2014-12-01', '0', '0', '0', '1', '1', '2013-03-06 14:09:33', '2013-03-06 14:10:04'),
(630, 12, '1210000635', '18000635|722285', 6, 4, '32134002006', '2014-12-01', '0', '0', '0', '1', '1', '2013-03-06 14:09:33', '2013-03-06 14:10:04'),
(631, 12, '1210000636', '18000636|587447', 6, 4, '32134002006', '2014-12-01', '0', '0', '0', '1', '1', '2013-03-06 14:09:33', '2013-03-06 14:10:04'),
(632, 12, '1210000637', '18000637|671548', 6, 4, '32134002006', '2014-12-01', '0', '0', '0', '1', '1', '2013-03-06 14:09:33', '2013-03-06 14:10:04'),
(633, 12, '1210000638', '18000638|724857', 6, 4, '32134002006', '2014-12-01', '0', '0', '0', '1', '1', '2013-03-06 14:09:33', '2013-03-06 14:10:04'),
(634, 12, '1210000639', '18000639|550931', 6, 4, '32134002006', '2014-12-01', '0', '0', '0', '1', '1', '2013-03-06 14:09:33', '2013-03-06 14:10:04'),
(635, 12, '1210000640', '18000640|949668', 6, 4, '32134002006', '2014-12-01', '0', '0', '0', '1', '1', '2013-03-06 14:09:33', '2013-03-06 14:10:04'),
(636, 12, '1210000641', '18000641|376746', 6, 4, '32134002006', '2014-12-01', '0', '0', '0', '1', '1', '2013-03-06 14:09:33', '2013-03-06 14:10:04'),
(637, 12, '1210000642', '18000642|432561', 6, 4, '32134002006', '2014-12-01', '0', '0', '0', '1', '1', '2013-03-06 14:09:33', '2013-03-06 14:10:04'),
(638, 12, '1210000643', '18000643|231036', 6, 4, '32134002006', '2014-12-01', '0', '0', '0', '1', '1', '2013-03-06 14:09:33', '2013-03-06 14:10:04'),
(639, 12, '1210000644', '18000644|978330', 6, 4, '32134002006', '2014-12-01', '0', '0', '0', '1', '1', '2013-03-06 14:09:33', '2013-03-06 14:10:04'),
(640, 12, '1210000645', '18000645|872307', 6, 4, '32134002006', '2014-12-01', '0', '0', '0', '1', '1', '2013-03-06 14:09:33', '2013-03-06 14:10:04'),
(641, 12, '1210000646', '18000646|638558', 6, 4, '32134002006', '2014-12-01', '0', '0', '0', '1', '1', '2013-03-06 14:09:33', '2013-03-06 14:10:04'),
(642, 12, '1210000647', '18000647|411777', 6, 4, '32134002006', '2014-12-01', '0', '0', '0', '1', '1', '2013-03-06 14:09:33', '2013-03-06 14:10:04'),
(643, 12, '1210000648', '18000648|485864', 6, 4, '32134002006', '2014-12-01', '0', '0', '0', '1', '1', '2013-03-06 14:09:33', '2013-03-06 14:10:04'),
(644, 12, '1210000649', '18000649|249752', 6, 4, '32134002006', '2014-12-01', '0', '0', '0', '1', '1', '2013-03-06 14:09:33', '2013-03-06 14:10:04'),
(645, 12, '1210000650', '18000650|738243', 6, 4, '32134002006', '2014-12-01', '0', '0', '0', '1', '1', '2013-03-06 14:09:33', '2013-03-06 14:10:04'),
(646, 12, '1210000651', '18000651|474104', 6, 4, '32134002006', '2014-12-01', '0', '0', '0', '1', '1', '2013-03-06 14:09:33', '2013-03-06 14:10:04'),
(647, 12, '1210000652', '18000652|967772', 6, 4, '32134002006', '2014-12-01', '0', '0', '0', '1', '1', '2013-03-06 14:09:33', '2013-03-06 14:10:04'),
(648, 12, '1210000653', '18000653|324899', 6, 4, '32134002006', '2014-12-01', '0', '0', '0', '1', '1', '2013-03-06 14:09:33', '2013-03-06 14:10:04'),
(649, 12, '1210000654', '18000654|466338', 6, 4, '32134002006', '2014-12-01', '0', '0', '0', '1', '1', '2013-03-06 14:09:33', '2013-03-06 14:10:04'),
(650, 12, '1210000655', '18000655|708815', 6, 4, '32134002006', '2014-12-01', '0', '0', '0', '1', '1', '2013-03-06 14:09:33', '2013-03-06 14:10:04'),
(651, 12, '1210000656', '18000656|232127', 6, 4, '32134002006', '2014-12-01', '0', '0', '0', '1', '1', '2013-03-06 14:09:33', '2013-03-06 14:10:04'),
(652, 12, '1210000657', '18000657|013973', 6, 4, '32134002006', '2014-12-01', '0', '0', '0', '1', '1', '2013-03-06 14:09:33', '2013-03-06 14:10:04'),
(653, 12, '1210000658', '18000658|614579', 6, 4, '32134002006', '2014-12-01', '0', '0', '0', '1', '1', '2013-03-06 14:09:33', '2013-03-06 14:10:04'),
(654, 12, '1210000659', '18000659|350481', 6, 4, '32134002006', '2014-12-01', '0', '0', '0', '1', '1', '2013-03-06 14:09:33', '2013-03-06 14:10:04'),
(655, 12, '1210000660', '18000660|281312', 6, 4, '32134002006', '2014-12-01', '0', '0', '0', '1', '1', '2013-03-06 14:09:33', '2013-03-06 14:10:04'),
(656, 12, '1210000661', '18000661|661733', 6, 4, '32134002006', '2014-12-01', '0', '0', '0', '1', '1', '2013-03-06 14:09:33', '2013-03-06 14:10:04'),
(657, 12, '1210000662', '18000662|781263', 6, 4, '32134002006', '2014-12-01', '0', '0', '0', '1', '1', '2013-03-06 14:09:33', '2013-03-06 14:10:04'),
(658, 12, '1210000663', '18000663|214876', 6, 4, '32134002006', '2014-12-01', '0', '0', '0', '1', '1', '2013-03-06 14:09:33', '2013-03-06 14:10:04'),
(659, 12, '1210000664', '18000664|763853', 6, 4, '32134002006', '2014-12-01', '0', '0', '0', '1', '1', '2013-03-06 14:09:33', '2013-03-06 14:10:04'),
(660, 12, '1210000665', '18000665|844701', 6, 4, '32134002006', '2014-12-01', '0', '0', '0', '1', '1', '2013-03-06 14:09:33', '2013-03-06 14:10:04'),
(661, 12, '1210000666', '18000666|860657', 6, 4, '32134002006', '2014-12-01', '0', '0', '0', '1', '1', '2013-03-06 14:09:33', '2013-03-06 14:10:04'),
(662, 12, '1210000667', '18000667|144053', 6, 4, '32134002006', '2014-12-01', '0', '0', '0', '1', '1', '2013-03-06 14:09:33', '2013-03-06 14:10:04'),
(663, 12, '1210000668', '18000668|059206', 6, 4, '32134002006', '2014-12-01', '0', '0', '0', '1', '1', '2013-03-06 14:09:33', '2013-03-06 14:10:04'),
(664, 12, '1210000669', '18000669|397509', 6, 4, '32134002006', '2014-12-01', '0', '0', '0', '1', '1', '2013-03-06 14:09:33', '2013-03-06 14:10:04'),
(665, 12, '1210000670', '18000670|911128', 6, 4, '32134002006', '2014-12-01', '0', '0', '0', '1', '1', '2013-03-06 14:09:33', '2013-03-06 14:10:04'),
(666, 12, '1210000671', '18000671|014201', 6, 4, '32134002006', '2014-12-01', '0', '0', '0', '1', '1', '2013-03-06 14:09:33', '2013-03-06 14:10:04'),
(667, 12, '1210000672', '18000672|054630', 6, 4, '32134002006', '2014-12-01', '0', '0', '0', '1', '1', '2013-03-06 14:09:33', '2013-03-06 14:10:04'),
(668, 12, '1210000673', '18000673|912595', 6, 4, '32134002006', '2014-12-01', '0', '0', '0', '1', '1', '2013-03-06 14:09:33', '2013-03-06 14:10:04'),
(669, 12, '1210000674', '18000674|402656', 6, 4, '32134002006', '2014-12-01', '0', '0', '0', '1', '1', '2013-03-06 14:09:33', '2013-03-06 14:10:04'),
(670, 12, '1210000675', '18000675|313325', 6, 4, '32134002006', '2014-12-01', '0', '0', '0', '1', '1', '2013-03-06 14:09:33', '2013-03-06 14:10:04'),
(671, 12, '1210000676', '18000676|516271', 6, 4, '32134002006', '2014-12-01', '0', '0', '0', '1', '1', '2013-03-06 14:09:33', '2013-03-06 14:10:04'),
(672, 12, '1210000677', '18000677|215212', 6, 4, '32134002006', '2014-12-01', '0', '0', '0', '1', '1', '2013-03-06 14:09:33', '2013-03-06 14:10:04'),
(673, 12, '1210000678', '18000678|174979', 6, 4, '32134002006', '2014-12-01', '0', '0', '0', '1', '1', '2013-03-06 14:09:33', '2013-03-06 14:10:04'),
(674, 12, '1210000679', '18000679|836483', 6, 4, '32134002006', '2014-12-01', '0', '0', '0', '1', '1', '2013-03-06 14:09:33', '2013-03-06 14:10:04'),
(675, 12, '1210000680', '18000680|849520', 6, 4, '32134002006', '2014-12-01', '0', '0', '0', '1', '1', '2013-03-06 14:09:33', '2013-03-06 14:10:04'),
(676, 12, '1210000681', '18000681|641116', 6, 4, '32134002006', '2014-12-01', '0', '0', '0', '1', '1', '2013-03-06 14:09:33', '2013-03-06 14:10:04'),
(677, 12, '1210000682', '18000682|949561', 6, 4, '32134002006', '2014-12-01', '0', '0', '0', '1', '1', '2013-03-06 14:09:33', '2013-03-06 14:10:04'),
(678, 12, '1210000683', '18000683|239067', 6, 4, '32134002006', '2014-12-01', '0', '0', '0', '1', '1', '2013-03-06 14:09:33', '2013-03-06 14:10:04'),
(679, 12, '1210000684', '18000684|843952', 6, 4, '32134002006', '2014-12-01', '0', '0', '0', '1', '1', '2013-03-06 14:09:33', '2013-03-06 14:10:04'),
(680, 12, '1210000685', '18000685|292990', 6, 4, '32134002006', '2014-12-01', '0', '0', '0', '1', '1', '2013-03-06 14:09:33', '2013-03-06 14:10:04'),
(681, 12, '1210000686', '18000686|058375', 6, 4, '32134002006', '2014-12-01', '0', '0', '0', '1', '1', '2013-03-06 14:09:33', '2013-03-06 14:10:04'),
(682, 12, '1210000687', '18000687|717797', 6, 4, '32134002006', '2014-12-01', '0', '0', '0', '1', '1', '2013-03-06 14:09:33', '2013-03-06 14:10:04'),
(683, 12, '1210000688', '18000688|464912', 6, 4, '32134002006', '2014-12-01', '0', '0', '0', '1', '1', '2013-03-06 14:09:33', '2013-03-06 14:10:04'),
(684, 12, '1210000689', '18000689|869156', 6, 4, '32134002006', '2014-12-01', '0', '0', '0', '1', '1', '2013-03-06 14:09:33', '2013-03-06 14:10:04'),
(685, 12, '1210000690', '18000690|754166', 6, 4, '32134002006', '2014-12-01', '0', '0', '0', '1', '1', '2013-03-06 14:09:33', '2013-03-06 14:10:04'),
(686, 12, '1210000691', '18000691|496496', 6, 4, '32134002006', '2014-12-01', '0', '0', '0', '1', '1', '2013-03-06 14:09:33', '2013-03-06 14:10:04'),
(687, 12, '1210000692', '18000692|089740', 6, 4, '32134002006', '2014-12-01', '0', '0', '0', '1', '1', '2013-03-06 14:09:33', '2013-03-06 14:10:04'),
(688, 12, '1210000693', '18000693|538251', 6, 4, '32134002006', '2014-12-01', '0', '0', '0', '1', '1', '2013-03-06 14:09:33', '2013-03-06 14:10:04'),
(689, 12, '1210000694', '18000694|982064', 6, 4, '32134002006', '2014-12-01', '0', '0', '0', '1', '1', '2013-03-06 14:09:33', '2013-03-06 14:10:04'),
(690, 12, '1210000695', '18000695|984757', 6, 4, '32134002006', '2014-12-01', '0', '0', '0', '1', '1', '2013-03-06 14:09:33', '2013-03-06 14:10:04'),
(691, 12, '1210000696', '18000696|002912', 6, 4, '32134002006', '2014-12-01', '0', '0', '0', '1', '1', '2013-03-06 14:09:33', '2013-03-06 14:10:04'),
(692, 12, '1210000697', '18000697|394869', 6, 4, '32134002006', '2014-12-01', '0', '0', '0', '1', '1', '2013-03-06 14:09:33', '2013-03-06 14:10:04'),
(693, 12, '1210000698', '18000698|637989', 6, 4, '32134002006', '2014-12-01', '0', '0', '0', '1', '1', '2013-03-06 14:09:33', '2013-03-06 14:10:04'),
(694, 12, '1210000699', '18000699|590303', 6, 4, '32134002006', '2014-12-01', '0', '0', '0', '1', '1', '2013-03-06 14:09:33', '2013-03-06 14:10:04'),
(695, 12, '1210000700', '18000700|270918', 6, 4, '32134002006', '2014-12-01', '0', '0', '0', '1', '1', '2013-03-06 14:09:33', '2013-03-06 14:10:04'),
(696, 12, '1210000701', '18000701|421249', 6, 4, '32134002006', '2014-12-01', '0', '0', '0', '1', '1', '2013-03-06 14:09:33', '2013-03-06 14:10:04'),
(697, 12, '1210000702', '18000702|874257', 6, 4, '32134002006', '2014-12-01', '0', '0', '0', '1', '1', '2013-03-06 14:09:33', '2013-03-06 14:10:04'),
(698, 12, '1210000703', '18000703|484630', 6, 4, '32134002006', '2014-12-01', '0', '0', '0', '1', '1', '2013-03-06 14:09:33', '2013-03-06 14:10:04'),
(699, 12, '1210000704', '18000704|887102', 6, 4, '32134002006', '2014-12-01', '0', '0', '0', '1', '1', '2013-03-06 14:09:33', '2013-03-06 14:10:04'),
(700, 12, '1210000705', '18000705|328498', 6, 4, '32134002006', '2014-12-01', '0', '0', '0', '1', '1', '2013-03-06 14:09:33', '2013-03-06 14:10:04'),
(701, 12, '1210000706', '18000706|407244', 6, 4, '32134002006', '2014-12-01', '0', '0', '0', '1', '1', '2013-03-06 14:09:33', '2013-03-06 14:10:04'),
(702, 12, '1210000707', '18000707|853644', 6, 4, '32134002006', '2014-12-01', '0', '0', '0', '1', '1', '2013-03-06 14:09:33', '2013-03-06 14:10:04'),
(703, 12, '1210000708', '18000708|563886', 6, 4, '32134002006', '2014-12-01', '0', '0', '0', '1', '1', '2013-03-06 14:09:33', '2013-03-06 14:10:04'),
(704, 12, '1210000709', '18000709|411032', 6, 4, '32134002006', '2014-12-01', '0', '0', '0', '1', '1', '2013-03-06 14:09:33', '2013-03-06 14:10:04'),
(705, 12, '1210000710', '18000710|919698', 6, 4, '32134002006', '2014-12-01', '0', '0', '0', '1', '1', '2013-03-06 14:09:33', '2013-03-06 14:10:04'),
(706, 12, '1210000711', '18000711|413193', 6, 4, '32134002006', '2014-12-01', '0', '0', '0', '1', '1', '2013-03-06 14:09:33', '2013-03-06 14:10:04'),
(707, 12, '1210000712', '18000712|980332', 6, 4, '32134002006', '2014-12-01', '0', '0', '0', '1', '1', '2013-03-06 14:09:33', '2013-03-06 14:10:04'),
(708, 12, '1210000713', '18000713|653420', 6, 4, '32134002006', '2014-12-01', '0', '0', '0', '1', '1', '2013-03-06 14:09:33', '2013-03-06 14:10:04'),
(709, 12, '1210000714', '18000714|568498', 6, 4, '32134002006', '2014-12-01', '0', '0', '0', '1', '1', '2013-03-06 14:09:34', '2013-03-06 14:10:04'),
(710, 12, '1210000715', '18000715|072099', 6, 4, '32134002006', '2014-12-01', '0', '0', '0', '1', '1', '2013-03-06 14:09:34', '2013-03-06 14:10:04'),
(711, 12, '1210000716', '18000716|685035', 6, 4, '32134002006', '2014-12-01', '0', '0', '0', '1', '1', '2013-03-06 14:09:34', '2013-03-06 14:10:04'),
(712, 12, '1210000717', '18000717|761335', 6, 4, '32134002006', '2014-12-01', '0', '0', '0', '1', '1', '2013-03-06 14:09:34', '2013-03-06 14:10:04'),
(713, 12, '1210000718', '18000718|202176', 6, 4, '32134002006', '2014-12-01', '0', '0', '0', '1', '1', '2013-03-06 14:09:34', '2013-03-06 14:10:04'),
(714, 12, '1210000719', '18000719|812434', 6, 4, '32134002006', '2014-12-01', '0', '0', '0', '1', '1', '2013-03-06 14:09:34', '2013-03-06 14:10:04'),
(715, 12, '1210000720', '18000720|547001', 6, 4, '32134002006', '2014-12-01', '0', '0', '0', '1', '1', '2013-03-06 14:09:34', '2013-03-06 14:10:04'),
(716, 13, '1210009070', '18009070|153044', 6, 4, '32134002006', '2014-12-01', '0', '0', '0', '1', '0', '2013-03-08 15:24:15', '2013-03-08 15:24:15'),
(717, 13, '1210009071', '18009071|143297', 6, 4, '32134002006', '2014-12-01', '0', '0', '0', '1', '0', '2013-03-08 15:24:15', '0000-00-00 00:00:00'),
(718, 13, '1210009072', '18009072|119069', 6, 4, '32134002006', '2014-12-01', '0', '0', '0', '1', '0', '2013-03-08 15:24:15', '0000-00-00 00:00:00'),
(719, 13, '1210009073', '18009073|639459', 6, 4, '32134002006', '2014-12-01', '0', '0', '0', '1', '0', '2013-03-08 15:24:15', '0000-00-00 00:00:00'),
(720, 13, '1210009074', '18009074|659889', 6, 4, '32134002006', '2014-12-01', '0', '0', '0', '1', '0', '2013-03-08 15:24:15', '0000-00-00 00:00:00'),
(721, 13, '1210009075', '18009075|971038', 6, 4, '32134002006', '2014-12-01', '0', '0', '0', '1', '0', '2013-03-08 15:24:15', '0000-00-00 00:00:00'),
(722, 13, '1210009076', '18009076|208859', 6, 4, '32134002006', '2014-12-01', '0', '0', '0', '1', '0', '2013-03-08 15:24:15', '0000-00-00 00:00:00'),
(723, 13, '1210009077', '18009077|913054', 6, 4, '32134002006', '2014-12-01', '0', '0', '0', '1', '0', '2013-03-08 15:24:15', '0000-00-00 00:00:00'),
(724, 13, '1210009078', '18009078|116713', 6, 4, '32134002006', '2014-12-01', '0', '0', '0', '1', '0', '2013-03-08 15:24:15', '0000-00-00 00:00:00'),
(725, 13, '1210009079', '18009079|993433', 6, 4, '32134002006', '2014-12-01', '0', '0', '0', '1', '0', '2013-03-08 15:24:15', '0000-00-00 00:00:00'),
(726, 13, '1210009080', '18009080|958352', 6, 4, '32134002006', '2014-12-01', '0', '0', '0', '1', '0', '2013-03-08 15:24:15', '0000-00-00 00:00:00'),
(727, 13, '1210009081', '18009081|371341', 6, 4, '32134002006', '2014-12-01', '0', '0', '0', '1', '0', '2013-03-08 15:24:15', '0000-00-00 00:00:00'),
(728, 13, '1210009082', '18009082|550771', 6, 4, '32134002006', '2014-12-01', '0', '0', '0', '1', '0', '2013-03-08 15:24:15', '0000-00-00 00:00:00'),
(729, 13, '1210009083', '18009083|669109', 6, 4, '32134002006', '2014-12-01', '0', '0', '0', '1', '0', '2013-03-08 15:24:15', '0000-00-00 00:00:00'),
(730, 13, '1210009084', '18009084|628853', 6, 4, '32134002006', '2014-12-01', '0', '0', '0', '1', '0', '2013-03-08 15:24:15', '0000-00-00 00:00:00'),
(731, 13, '1210009085', '18009085|949332', 6, 4, '32134002006', '2014-12-01', '0', '0', '0', '1', '0', '2013-03-08 15:24:15', '0000-00-00 00:00:00'),
(732, 13, '1210009086', '18009086|342643', 6, 4, '32134002006', '2014-12-01', '0', '0', '0', '1', '0', '2013-03-08 15:24:15', '0000-00-00 00:00:00'),
(733, 13, '1210009087', '18009087|545437', 6, 4, '32134002006', '2014-12-01', '0', '0', '0', '1', '0', '2013-03-08 15:24:15', '0000-00-00 00:00:00'),
(734, 13, '1210009088', '18009088|507584', 6, 4, '32134002006', '2014-12-01', '0', '0', '0', '1', '0', '2013-03-08 15:24:15', '0000-00-00 00:00:00'),
(735, 13, '1210009089', '18009089|512563', 6, 4, '32134002006', '2014-12-01', '0', '0', '0', '1', '0', '2013-03-08 15:24:15', '0000-00-00 00:00:00'),
(736, 13, '1210009090', '18009090|695658', 6, 4, '32134002006', '2014-12-01', '0', '0', '0', '1', '0', '2013-03-08 15:24:15', '0000-00-00 00:00:00'),
(737, 13, '1210009091', '18009091|153153', 6, 4, '32134002006', '2014-12-01', '0', '0', '0', '1', '0', '2013-03-08 15:24:15', '0000-00-00 00:00:00'),
(738, 13, '1210009092', '18009092|182909', 6, 4, '32134002006', '2014-12-01', '0', '0', '0', '1', '0', '2013-03-08 15:24:15', '0000-00-00 00:00:00'),
(739, 13, '1210009093', '18009093|716958', 6, 4, '32134002006', '2014-12-01', '0', '0', '0', '1', '0', '2013-03-08 15:24:15', '0000-00-00 00:00:00');
INSERT INTO `coupons` (`id`, `batch_id`, `coupon_id`, `activation_code`, `vendor_id`, `category_id`, `product_code`, `expire_date`, `is_locked`, `is_sold`, `is_pulled`, `is_active`, `is_deleted`, `created`, `modified`) VALUES
(740, 13, '1210009094', '18009094|917985', 6, 4, '32134002006', '2014-12-01', '0', '0', '0', '1', '0', '2013-03-08 15:24:15', '0000-00-00 00:00:00'),
(741, 13, '1210009095', '18009095|399845', 6, 4, '32134002006', '2014-12-01', '0', '0', '0', '1', '0', '2013-03-08 15:24:15', '0000-00-00 00:00:00'),
(742, 13, '1210009096', '18009096|489395', 6, 4, '32134002006', '2014-12-01', '0', '0', '0', '1', '0', '2013-03-08 15:24:15', '0000-00-00 00:00:00'),
(743, 13, '1210009097', '18009097|953954', 6, 4, '32134002006', '2014-12-01', '0', '0', '0', '1', '0', '2013-03-08 15:24:15', '0000-00-00 00:00:00'),
(744, 13, '1210009098', '18009098|965324', 6, 4, '32134002006', '2014-12-01', '0', '0', '0', '1', '0', '2013-03-08 15:24:15', '0000-00-00 00:00:00'),
(745, 13, '1210009099', '18009099|374580', 6, 4, '32134002006', '2014-12-01', '0', '0', '0', '1', '0', '2013-03-08 15:24:15', '0000-00-00 00:00:00'),
(746, 13, '1210009100', '18009100|203033', 6, 4, '32134002006', '2014-12-01', '0', '0', '0', '1', '0', '2013-03-08 15:24:15', '0000-00-00 00:00:00'),
(747, 13, '1210009101', '18009101|748692', 6, 4, '32134002006', '2014-12-01', '0', '0', '0', '1', '0', '2013-03-08 15:24:15', '0000-00-00 00:00:00'),
(748, 13, '1210009102', '18009102|691581', 6, 4, '32134002006', '2014-12-01', '0', '0', '0', '1', '0', '2013-03-08 15:24:15', '0000-00-00 00:00:00'),
(749, 13, '1210009103', '18009103|334351', 6, 4, '32134002006', '2014-12-01', '0', '0', '0', '1', '0', '2013-03-08 15:24:15', '0000-00-00 00:00:00'),
(750, 13, '1210009104', '18009104|024694', 6, 4, '32134002006', '2014-12-01', '0', '0', '0', '1', '0', '2013-03-08 15:24:15', '0000-00-00 00:00:00'),
(751, 13, '1210009105', '18009105|464262', 6, 4, '32134002006', '2014-12-01', '0', '0', '0', '1', '0', '2013-03-08 15:24:15', '0000-00-00 00:00:00'),
(752, 13, '1210009106', '18009106|571890', 6, 4, '32134002006', '2014-12-01', '0', '0', '0', '1', '0', '2013-03-08 15:24:15', '0000-00-00 00:00:00'),
(753, 13, '1210009107', '18009107|667514', 6, 4, '32134002006', '2014-12-01', '0', '0', '0', '1', '0', '2013-03-08 15:24:15', '0000-00-00 00:00:00'),
(754, 13, '1210009108', '18009108|712388', 6, 4, '32134002006', '2014-12-01', '0', '0', '0', '1', '0', '2013-03-08 15:24:15', '0000-00-00 00:00:00'),
(755, 13, '1210009109', '18009109|842792', 6, 4, '32134002006', '2014-12-01', '0', '0', '0', '1', '0', '2013-03-08 15:24:15', '0000-00-00 00:00:00'),
(756, 13, '1210009110', '18009110|841143', 6, 4, '32134002006', '2014-12-01', '0', '0', '0', '1', '0', '2013-03-08 15:24:15', '0000-00-00 00:00:00'),
(757, 13, '1210009111', '18009111|235403', 6, 4, '32134002006', '2014-12-01', '0', '0', '0', '1', '0', '2013-03-08 15:24:15', '0000-00-00 00:00:00'),
(758, 13, '1210009112', '18009112|184352', 6, 4, '32134002006', '2014-12-01', '0', '0', '0', '1', '0', '2013-03-08 15:24:15', '0000-00-00 00:00:00'),
(759, 13, '1210009113', '18009113|142627', 6, 4, '32134002006', '2014-12-01', '0', '0', '0', '1', '0', '2013-03-08 15:24:15', '0000-00-00 00:00:00'),
(760, 13, '1210009114', '18009114|822608', 6, 4, '32134002006', '2014-12-01', '0', '0', '0', '1', '0', '2013-03-08 15:24:15', '0000-00-00 00:00:00'),
(761, 13, '1210009115', '18009115|872797', 6, 4, '32134002006', '2014-12-01', '0', '0', '0', '1', '0', '2013-03-08 15:24:15', '0000-00-00 00:00:00'),
(762, 13, '1210009116', '18009116|481962', 6, 4, '32134002006', '2014-12-01', '0', '0', '0', '1', '0', '2013-03-08 15:24:15', '0000-00-00 00:00:00'),
(763, 13, '1210009117', '18009117|213931', 6, 4, '32134002006', '2014-12-01', '0', '0', '0', '1', '0', '2013-03-08 15:24:15', '0000-00-00 00:00:00'),
(764, 13, '1210009118', '18009118|606752', 6, 4, '32134002006', '2014-12-01', '0', '0', '0', '1', '0', '2013-03-08 15:24:15', '0000-00-00 00:00:00'),
(765, 13, '1210009119', '18009119|042828', 6, 4, '32134002006', '2014-12-01', '0', '0', '0', '1', '0', '2013-03-08 15:24:15', '0000-00-00 00:00:00'),
(766, 13, '1210009120', '18009120|293841', 6, 4, '32134002006', '2014-12-01', '0', '0', '0', '1', '0', '2013-03-08 15:24:15', '0000-00-00 00:00:00'),
(767, 13, '1210009121', '18009121|956236', 6, 4, '32134002006', '2014-12-01', '0', '0', '0', '1', '0', '2013-03-08 15:24:15', '0000-00-00 00:00:00'),
(768, 13, '1210009122', '18009122|739843', 6, 4, '32134002006', '2014-12-01', '0', '0', '0', '1', '0', '2013-03-08 15:24:15', '0000-00-00 00:00:00'),
(769, 13, '1210009123', '18009123|419529', 6, 4, '32134002006', '2014-12-01', '0', '0', '0', '1', '0', '2013-03-08 15:24:15', '0000-00-00 00:00:00'),
(770, 13, '1210009124', '18009124|671352', 6, 4, '32134002006', '2014-12-01', '0', '0', '0', '1', '0', '2013-03-08 15:24:15', '0000-00-00 00:00:00'),
(771, 13, '1210009125', '18009125|769278', 6, 4, '32134002006', '2014-12-01', '0', '0', '0', '1', '0', '2013-03-08 15:24:15', '0000-00-00 00:00:00'),
(772, 13, '1210009126', '18009126|243914', 6, 4, '32134002006', '2014-12-01', '0', '0', '0', '1', '0', '2013-03-08 15:24:15', '0000-00-00 00:00:00'),
(773, 13, '1210009127', '18009127|756360', 6, 4, '32134002006', '2014-12-01', '0', '0', '0', '1', '0', '2013-03-08 15:24:15', '0000-00-00 00:00:00'),
(774, 13, '1210009128', '18009128|082533', 6, 4, '32134002006', '2014-12-01', '0', '0', '0', '1', '0', '2013-03-08 15:24:15', '0000-00-00 00:00:00'),
(775, 13, '1210009129', '18009129|494024', 6, 4, '32134002006', '2014-12-01', '0', '0', '0', '1', '0', '2013-03-08 15:24:15', '0000-00-00 00:00:00'),
(776, 13, '1210009130', '18009130|197885', 6, 4, '32134002006', '2014-12-01', '0', '0', '0', '1', '0', '2013-03-08 15:24:15', '0000-00-00 00:00:00'),
(777, 13, '1210009131', '18009131|796852', 6, 4, '32134002006', '2014-12-01', '0', '0', '0', '1', '0', '2013-03-08 15:24:15', '0000-00-00 00:00:00'),
(778, 13, '1210009132', '18009132|733515', 6, 4, '32134002006', '2014-12-01', '0', '0', '0', '1', '0', '2013-03-08 15:24:15', '0000-00-00 00:00:00'),
(779, 13, '1210009133', '18009133|212924', 6, 4, '32134002006', '2014-12-01', '0', '0', '0', '1', '0', '2013-03-08 15:24:15', '0000-00-00 00:00:00'),
(780, 13, '1210009134', '18009134|609335', 6, 4, '32134002006', '2014-12-01', '0', '0', '0', '1', '0', '2013-03-08 15:24:15', '0000-00-00 00:00:00'),
(781, 13, '1210009135', '18009135|607783', 6, 4, '32134002006', '2014-12-01', '0', '0', '0', '1', '0', '2013-03-08 15:24:15', '0000-00-00 00:00:00'),
(782, 13, '1210009136', '18009136|883989', 6, 4, '32134002006', '2014-12-01', '0', '0', '0', '1', '0', '2013-03-08 15:24:15', '0000-00-00 00:00:00'),
(783, 13, '1210009137', '18009137|000822', 6, 4, '32134002006', '2014-12-01', '0', '0', '0', '1', '0', '2013-03-08 15:24:15', '0000-00-00 00:00:00'),
(784, 13, '1210009138', '18009138|433777', 6, 4, '32134002006', '2014-12-01', '0', '0', '0', '1', '0', '2013-03-08 15:24:15', '0000-00-00 00:00:00'),
(785, 13, '1210009139', '18009139|203717', 6, 4, '32134002006', '2014-12-01', '0', '0', '0', '1', '0', '2013-03-08 15:24:15', '0000-00-00 00:00:00'),
(786, 13, '1210009140', '18009140|731011', 6, 4, '32134002006', '2014-12-01', '0', '0', '0', '1', '0', '2013-03-08 15:24:15', '0000-00-00 00:00:00'),
(787, 13, '1210009141', '18009141|946062', 6, 4, '32134002006', '2014-12-01', '0', '0', '0', '1', '0', '2013-03-08 15:24:15', '0000-00-00 00:00:00'),
(788, 13, '1210009142', '18009142|588510', 6, 4, '32134002006', '2014-12-01', '0', '0', '0', '1', '0', '2013-03-08 15:24:15', '0000-00-00 00:00:00'),
(789, 13, '1210009143', '18009143|438574', 6, 4, '32134002006', '2014-12-01', '0', '0', '0', '1', '0', '2013-03-08 15:24:15', '0000-00-00 00:00:00'),
(790, 13, '1210009144', '18009144|748939', 6, 4, '32134002006', '2014-12-01', '0', '0', '0', '1', '0', '2013-03-08 15:24:15', '0000-00-00 00:00:00'),
(791, 13, '1210009145', '18009145|693197', 6, 4, '32134002006', '2014-12-01', '0', '0', '0', '1', '0', '2013-03-08 15:24:15', '0000-00-00 00:00:00'),
(792, 13, '1210009146', '18009146|337150', 6, 4, '32134002006', '2014-12-01', '0', '0', '0', '1', '0', '2013-03-08 15:24:15', '0000-00-00 00:00:00'),
(793, 13, '1210009147', '18009147|675691', 6, 4, '32134002006', '2014-12-01', '0', '0', '0', '1', '0', '2013-03-08 15:24:15', '0000-00-00 00:00:00'),
(794, 13, '1210009148', '18009148|081787', 6, 4, '32134002006', '2014-12-01', '0', '0', '0', '1', '0', '2013-03-08 15:24:15', '0000-00-00 00:00:00'),
(795, 13, '1210009149', '18009149|800866', 6, 4, '32134002006', '2014-12-01', '0', '0', '0', '1', '0', '2013-03-08 15:24:15', '0000-00-00 00:00:00'),
(796, 13, '1210009150', '18009150|900275', 6, 4, '32134002006', '2014-12-01', '0', '0', '0', '1', '0', '2013-03-08 15:24:15', '0000-00-00 00:00:00'),
(797, 13, '1210009151', '18009151|683181', 6, 4, '32134002006', '2014-12-01', '0', '0', '0', '1', '0', '2013-03-08 15:24:15', '0000-00-00 00:00:00'),
(798, 13, '1210009152', '18009152|194759', 6, 4, '32134002006', '2014-12-01', '0', '0', '0', '1', '0', '2013-03-08 15:24:15', '0000-00-00 00:00:00'),
(799, 13, '1210009153', '18009153|252000', 6, 4, '32134002006', '2014-12-01', '0', '0', '0', '1', '0', '2013-03-08 15:24:15', '0000-00-00 00:00:00'),
(800, 13, '1210009154', '18009154|073219', 6, 4, '32134002006', '2014-12-01', '0', '0', '0', '1', '0', '2013-03-08 15:24:15', '0000-00-00 00:00:00'),
(801, 13, '1210009155', '18009155|441817', 6, 4, '32134002006', '2014-12-01', '0', '0', '0', '1', '0', '2013-03-08 15:24:15', '0000-00-00 00:00:00'),
(802, 13, '1210009156', '18009156|399914', 6, 4, '32134002006', '2014-12-01', '0', '0', '0', '1', '0', '2013-03-08 15:24:15', '0000-00-00 00:00:00'),
(803, 13, '1210009157', '18009157|043241', 6, 4, '32134002006', '2014-12-01', '0', '0', '0', '1', '0', '2013-03-08 15:24:15', '0000-00-00 00:00:00'),
(804, 13, '1210009158', '18009158|755387', 6, 4, '32134002006', '2014-12-01', '0', '0', '0', '1', '0', '2013-03-08 15:24:15', '0000-00-00 00:00:00'),
(805, 13, '1210009159', '18009159|173744', 6, 4, '32134002006', '2014-12-01', '0', '0', '0', '1', '0', '2013-03-08 15:24:15', '0000-00-00 00:00:00'),
(806, 13, '1210009160', '18009160|013627', 6, 4, '32134002006', '2014-12-01', '0', '0', '0', '1', '0', '2013-03-08 15:24:15', '0000-00-00 00:00:00'),
(807, 13, '1210009161', '18009161|395968', 6, 4, '32134002006', '2014-12-01', '0', '0', '0', '1', '0', '2013-03-08 15:24:15', '0000-00-00 00:00:00'),
(808, 13, '1210009162', '18009162|850068', 6, 4, '32134002006', '2014-12-01', '0', '0', '0', '1', '0', '2013-03-08 15:24:15', '0000-00-00 00:00:00'),
(809, 13, '1210009163', '18009163|787181', 6, 4, '32134002006', '2014-12-01', '0', '0', '0', '1', '0', '2013-03-08 15:24:15', '0000-00-00 00:00:00'),
(810, 13, '1210009164', '18009164|053239', 6, 4, '32134002006', '2014-12-01', '0', '0', '0', '1', '0', '2013-03-08 15:24:15', '0000-00-00 00:00:00'),
(811, 13, '1210009165', '18009165|463054', 6, 4, '32134002006', '2014-12-01', '0', '0', '0', '1', '0', '2013-03-08 15:24:15', '0000-00-00 00:00:00'),
(812, 13, '1210009166', '18009166|568783', 6, 4, '32134002006', '2014-12-01', '0', '0', '0', '1', '0', '2013-03-08 15:24:15', '0000-00-00 00:00:00'),
(813, 13, '1210009167', '18009167|535993', 6, 4, '32134002006', '2014-12-01', '0', '0', '0', '1', '0', '2013-03-08 15:24:15', '0000-00-00 00:00:00'),
(814, 13, '1210009168', '18009168|822749', 6, 4, '32134002006', '2014-12-01', '0', '0', '0', '1', '0', '2013-03-08 15:24:15', '0000-00-00 00:00:00'),
(815, 13, '1210009169', '18009169|460983', 6, 4, '32134002006', '2014-12-01', '0', '0', '0', '1', '0', '2013-03-08 15:24:15', '0000-00-00 00:00:00'),
(816, 13, '1210009170', '18009170|570841', 6, 4, '32134002006', '2014-12-01', '0', '0', '0', '1', '0', '2013-03-08 15:24:15', '0000-00-00 00:00:00'),
(817, 13, '1210009171', '18009171|472953', 6, 4, '32134002006', '2014-12-01', '0', '0', '0', '1', '0', '2013-03-08 15:24:15', '0000-00-00 00:00:00'),
(818, 13, '1210009172', '18009172|330095', 6, 4, '32134002006', '2014-12-01', '0', '0', '0', '1', '0', '2013-03-08 15:24:15', '0000-00-00 00:00:00'),
(819, 13, '1210009173', '18009173|956947', 6, 4, '32134002006', '2014-12-01', '0', '0', '0', '1', '0', '2013-03-08 15:24:15', '0000-00-00 00:00:00'),
(820, 13, '1210009174', '18009174|045419', 6, 4, '32134002006', '2014-12-01', '0', '0', '0', '1', '0', '2013-03-08 15:24:15', '0000-00-00 00:00:00'),
(821, 13, '1210009175', '18009175|237521', 6, 4, '32134002006', '2014-12-01', '0', '0', '0', '1', '0', '2013-03-08 15:24:15', '0000-00-00 00:00:00'),
(822, 13, '1210009176', '18009176|009793', 6, 4, '32134002006', '2014-12-01', '0', '0', '0', '1', '0', '2013-03-08 15:24:15', '0000-00-00 00:00:00'),
(823, 13, '1210009177', '18009177|932251', 6, 4, '32134002006', '2014-12-01', '0', '0', '0', '1', '0', '2013-03-08 15:24:15', '0000-00-00 00:00:00'),
(824, 13, '1210009178', '18009178|196746', 6, 4, '32134002006', '2014-12-01', '0', '0', '0', '1', '0', '2013-03-08 15:24:15', '0000-00-00 00:00:00'),
(825, 13, '1210009179', '18009179|029306', 6, 4, '32134002006', '2014-12-01', '0', '0', '0', '1', '0', '2013-03-08 15:24:15', '0000-00-00 00:00:00'),
(826, 13, '1210009180', '18009180|084325', 6, 4, '32134002006', '2014-12-01', '0', '0', '0', '1', '0', '2013-03-08 15:24:15', '0000-00-00 00:00:00'),
(827, 13, '1210009181', '18009181|705805', 6, 4, '32134002006', '2014-12-01', '0', '0', '0', '1', '0', '2013-03-08 15:24:15', '0000-00-00 00:00:00'),
(828, 13, '1210009182', '18009182|794310', 6, 4, '32134002006', '2014-12-01', '0', '0', '0', '1', '0', '2013-03-08 15:24:15', '0000-00-00 00:00:00'),
(829, 13, '1210009183', '18009183|024717', 6, 4, '32134002006', '2014-12-01', '0', '0', '0', '1', '0', '2013-03-08 15:24:15', '0000-00-00 00:00:00'),
(830, 13, '1210009184', '18009184|944619', 6, 4, '32134002006', '2014-12-01', '0', '0', '0', '1', '0', '2013-03-08 15:24:15', '0000-00-00 00:00:00'),
(831, 13, '1210009185', '18009185|332502', 6, 4, '32134002006', '2014-12-01', '0', '0', '0', '1', '0', '2013-03-08 15:24:15', '0000-00-00 00:00:00'),
(832, 13, '1210009186', '18009186|383506', 6, 4, '32134002006', '2014-12-01', '0', '0', '0', '1', '0', '2013-03-08 15:24:15', '0000-00-00 00:00:00'),
(833, 13, '1210009187', '18009187|089397', 6, 4, '32134002006', '2014-12-01', '0', '0', '0', '1', '0', '2013-03-08 15:24:15', '0000-00-00 00:00:00'),
(834, 13, '1210009188', '18009188|571024', 6, 4, '32134002006', '2014-12-01', '0', '0', '0', '1', '0', '2013-03-08 15:24:15', '0000-00-00 00:00:00'),
(835, 13, '1210009189', '18009189|474158', 6, 4, '32134002006', '2014-12-01', '0', '0', '0', '1', '0', '2013-03-08 15:24:15', '0000-00-00 00:00:00'),
(836, 13, '1210009190', '18009190|306057', 6, 4, '32134002006', '2014-12-01', '0', '0', '0', '1', '0', '2013-03-08 15:24:15', '0000-00-00 00:00:00'),
(837, 13, '1210009191', '18009191|408071', 6, 4, '32134002006', '2014-12-01', '0', '0', '0', '1', '0', '2013-03-08 15:24:15', '0000-00-00 00:00:00'),
(838, 13, '1210009192', '18009192|908152', 6, 4, '32134002006', '2014-12-01', '0', '0', '0', '1', '0', '2013-03-08 15:24:15', '0000-00-00 00:00:00'),
(839, 13, '1210009193', '18009193|498866', 6, 4, '32134002006', '2014-12-01', '0', '0', '0', '1', '0', '2013-03-08 15:24:15', '0000-00-00 00:00:00'),
(840, 13, '1210009194', '18009194|422750', 6, 4, '32134002006', '2014-12-01', '0', '0', '0', '1', '0', '2013-03-08 15:24:15', '0000-00-00 00:00:00'),
(841, 13, '1210009195', '18009195|203667', 6, 4, '32134002006', '2014-12-01', '0', '0', '0', '1', '0', '2013-03-08 15:24:15', '0000-00-00 00:00:00'),
(842, 13, '1210009196', '18009196|426366', 6, 4, '32134002006', '2014-12-01', '0', '0', '0', '1', '0', '2013-03-08 15:24:15', '0000-00-00 00:00:00'),
(843, 13, '1210009197', '18009197|691496', 6, 4, '32134002006', '2014-12-01', '0', '0', '0', '1', '0', '2013-03-08 15:24:15', '0000-00-00 00:00:00'),
(844, 13, '1210009198', '18009198|755700', 6, 4, '32134002006', '2014-12-01', '0', '0', '0', '1', '0', '2013-03-08 15:24:15', '0000-00-00 00:00:00'),
(845, 13, '1210009199', '18009199|269018', 6, 4, '32134002006', '2014-12-01', '0', '0', '0', '1', '0', '2013-03-08 15:24:15', '0000-00-00 00:00:00'),
(846, 13, '1210009200', '18009200|849233', 6, 4, '32134002006', '2014-12-01', '0', '0', '0', '1', '0', '2013-03-08 15:24:15', '0000-00-00 00:00:00'),
(847, 13, '1210009201', '18009201|938821', 6, 4, '32134002006', '2014-12-01', '0', '0', '0', '1', '0', '2013-03-08 15:24:15', '0000-00-00 00:00:00'),
(848, 13, '1210009202', '18009202|984766', 6, 4, '32134002006', '2014-12-01', '0', '0', '0', '1', '0', '2013-03-08 15:24:15', '0000-00-00 00:00:00'),
(849, 13, '1210009203', '18009203|656801', 6, 4, '32134002006', '2014-12-01', '0', '0', '0', '1', '0', '2013-03-08 15:24:15', '0000-00-00 00:00:00'),
(850, 13, '1210009204', '18009204|280043', 6, 4, '32134002006', '2014-12-01', '0', '0', '0', '1', '0', '2013-03-08 15:24:15', '0000-00-00 00:00:00'),
(851, 13, '1210009205', '18009205|391903', 6, 4, '32134002006', '2014-12-01', '0', '0', '0', '1', '0', '2013-03-08 15:24:15', '0000-00-00 00:00:00'),
(852, 13, '1210009206', '18009206|445565', 6, 4, '32134002006', '2014-12-01', '0', '0', '0', '1', '0', '2013-03-08 15:24:15', '0000-00-00 00:00:00'),
(853, 13, '1210009207', '18009207|991159', 6, 4, '32134002006', '2014-12-01', '0', '0', '0', '1', '0', '2013-03-08 15:24:15', '0000-00-00 00:00:00'),
(854, 13, '1210009208', '18009208|803648', 6, 4, '32134002006', '2014-12-01', '0', '0', '0', '1', '0', '2013-03-08 15:24:15', '0000-00-00 00:00:00'),
(855, 13, '1210009209', '18009209|021804', 6, 4, '32134002006', '2014-12-01', '0', '0', '0', '1', '0', '2013-03-08 15:24:15', '0000-00-00 00:00:00'),
(856, 13, '1210009210', '18009210|970879', 6, 4, '32134002006', '2014-12-01', '0', '0', '0', '1', '0', '2013-03-08 15:24:15', '0000-00-00 00:00:00'),
(857, 13, '1210009211', '18009211|650507', 6, 4, '32134002006', '2014-12-01', '0', '0', '0', '1', '0', '2013-03-08 15:24:15', '0000-00-00 00:00:00'),
(858, 13, '1210009212', '18009212|050608', 6, 4, '32134002006', '2014-12-01', '0', '0', '0', '1', '0', '2013-03-08 15:24:15', '0000-00-00 00:00:00'),
(859, 13, '1210009213', '18009213|483918', 6, 4, '32134002006', '2014-12-01', '0', '0', '0', '1', '0', '2013-03-08 15:24:15', '0000-00-00 00:00:00'),
(860, 13, '1210009214', '18009214|962553', 6, 4, '32134002006', '2014-12-01', '0', '0', '0', '1', '0', '2013-03-08 15:24:15', '0000-00-00 00:00:00'),
(861, 13, '1210009215', '18009215|317503', 6, 4, '32134002006', '2014-12-01', '0', '0', '0', '1', '0', '2013-03-08 15:24:15', '0000-00-00 00:00:00'),
(862, 13, '1210009216', '18009216|178895', 6, 4, '32134002006', '2014-12-01', '0', '0', '0', '1', '0', '2013-03-08 15:24:15', '0000-00-00 00:00:00'),
(863, 13, '1210009217', '18009217|679727', 6, 4, '32134002006', '2014-12-01', '0', '0', '0', '1', '0', '2013-03-08 15:24:15', '0000-00-00 00:00:00'),
(864, 13, '1210009218', '18009218|277249', 6, 4, '32134002006', '2014-12-01', '0', '0', '0', '1', '0', '2013-03-08 15:24:15', '0000-00-00 00:00:00'),
(865, 13, '1210009219', '18009219|521039', 6, 4, '32134002006', '2014-12-01', '0', '0', '0', '1', '0', '2013-03-08 15:24:15', '0000-00-00 00:00:00'),
(866, 13, '1210009220', '18009220|270083', 6, 4, '32134002006', '2014-12-01', '0', '0', '0', '1', '0', '2013-03-08 15:24:15', '0000-00-00 00:00:00'),
(867, 13, '1210009221', '18009221|873785', 6, 4, '32134002006', '2014-12-01', '0', '0', '0', '1', '0', '2013-03-08 15:24:15', '0000-00-00 00:00:00'),
(868, 13, '1210009222', '18009222|062614', 6, 4, '32134002006', '2014-12-01', '0', '0', '0', '1', '0', '2013-03-08 15:24:15', '0000-00-00 00:00:00'),
(869, 13, '1210009223', '18009223|252419', 6, 4, '32134002006', '2014-12-01', '0', '0', '0', '1', '0', '2013-03-08 15:24:15', '0000-00-00 00:00:00'),
(870, 13, '1210009224', '18009224|923135', 6, 4, '32134002006', '2014-12-01', '0', '0', '0', '1', '0', '2013-03-08 15:24:15', '0000-00-00 00:00:00'),
(871, 13, '1210009225', '18009225|405005', 6, 4, '32134002006', '2014-12-01', '0', '0', '0', '1', '0', '2013-03-08 15:24:15', '0000-00-00 00:00:00'),
(872, 13, '1210009226', '18009226|272950', 6, 4, '32134002006', '2014-12-01', '0', '0', '0', '1', '0', '2013-03-08 15:24:15', '0000-00-00 00:00:00'),
(873, 13, '1210009227', '18009227|993160', 6, 4, '32134002006', '2014-12-01', '0', '0', '0', '1', '0', '2013-03-08 15:24:15', '0000-00-00 00:00:00'),
(874, 13, '1210009228', '18009228|909541', 6, 4, '32134002006', '2014-12-01', '0', '0', '0', '1', '0', '2013-03-08 15:24:15', '0000-00-00 00:00:00'),
(875, 13, '1210009229', '18009229|317682', 6, 4, '32134002006', '2014-12-01', '0', '0', '0', '1', '0', '2013-03-08 15:24:15', '0000-00-00 00:00:00'),
(876, 13, '1210009230', '18009230|385461', 6, 4, '32134002006', '2014-12-01', '0', '0', '0', '1', '0', '2013-03-08 15:24:15', '0000-00-00 00:00:00'),
(877, 13, '1210009231', '18009231|726522', 6, 4, '32134002006', '2014-12-01', '0', '0', '0', '1', '0', '2013-03-08 15:24:15', '0000-00-00 00:00:00'),
(878, 13, '1210009232', '18009232|884466', 6, 4, '32134002006', '2014-12-01', '0', '0', '0', '1', '0', '2013-03-08 15:24:15', '0000-00-00 00:00:00'),
(879, 13, '1210009233', '18009233|406909', 6, 4, '32134002006', '2014-12-01', '0', '0', '0', '1', '0', '2013-03-08 15:24:15', '0000-00-00 00:00:00'),
(880, 13, '1210009234', '18009234|658095', 6, 4, '32134002006', '2014-12-01', '0', '0', '0', '1', '0', '2013-03-08 15:24:15', '0000-00-00 00:00:00'),
(881, 13, '1210009235', '18009235|428566', 6, 4, '32134002006', '2014-12-01', '0', '0', '0', '1', '0', '2013-03-08 15:24:15', '0000-00-00 00:00:00'),
(882, 13, '1210009236', '18009236|428938', 6, 4, '32134002006', '2014-12-01', '0', '0', '0', '1', '0', '2013-03-08 15:24:15', '0000-00-00 00:00:00'),
(883, 13, '1210009237', '18009237|010973', 6, 4, '32134002006', '2014-12-01', '0', '0', '0', '1', '0', '2013-03-08 15:24:15', '0000-00-00 00:00:00'),
(884, 13, '1210009238', '18009238|956160', 6, 4, '32134002006', '2014-12-01', '0', '0', '0', '1', '0', '2013-03-08 15:24:15', '0000-00-00 00:00:00'),
(885, 13, '1210009239', '18009239|406097', 6, 4, '32134002006', '2014-12-01', '0', '0', '0', '1', '0', '2013-03-08 15:24:15', '0000-00-00 00:00:00'),
(886, 13, '1210009240', '18009240|110330', 6, 4, '32134002006', '2014-12-01', '0', '0', '0', '1', '0', '2013-03-08 15:24:15', '0000-00-00 00:00:00'),
(887, 13, '1210009241', '18009241|656084', 6, 4, '32134002006', '2014-12-01', '0', '0', '0', '1', '0', '2013-03-08 15:24:15', '0000-00-00 00:00:00'),
(888, 13, '1210009242', '18009242|285483', 6, 4, '32134002006', '2014-12-01', '0', '0', '0', '1', '0', '2013-03-08 15:24:15', '0000-00-00 00:00:00'),
(889, 13, '1210009243', '18009243|653636', 6, 4, '32134002006', '2014-12-01', '0', '0', '0', '1', '0', '2013-03-08 15:24:15', '0000-00-00 00:00:00'),
(890, 13, '1210009244', '18009244|395862', 6, 4, '32134002006', '2014-12-01', '0', '0', '0', '1', '0', '2013-03-08 15:24:15', '0000-00-00 00:00:00'),
(891, 13, '1210009245', '18009245|022173', 6, 4, '32134002006', '2014-12-01', '0', '0', '0', '1', '0', '2013-03-08 15:24:15', '0000-00-00 00:00:00'),
(892, 13, '1210009246', '18009246|822806', 6, 4, '32134002006', '2014-12-01', '0', '0', '0', '1', '0', '2013-03-08 15:24:15', '0000-00-00 00:00:00'),
(893, 13, '1210009247', '18009247|291518', 6, 4, '32134002006', '2014-12-01', '0', '0', '0', '1', '0', '2013-03-08 15:24:15', '0000-00-00 00:00:00'),
(894, 13, '1210009248', '18009248|533310', 6, 4, '32134002006', '2014-12-01', '0', '0', '0', '1', '0', '2013-03-08 15:24:15', '0000-00-00 00:00:00'),
(895, 13, '1210009249', '18009249|938708', 6, 4, '32134002006', '2014-12-01', '0', '0', '0', '1', '0', '2013-03-08 15:24:15', '0000-00-00 00:00:00'),
(896, 13, '1210009250', '18009250|676044', 6, 4, '32134002006', '2014-12-01', '0', '0', '0', '1', '0', '2013-03-08 15:24:15', '0000-00-00 00:00:00'),
(897, 13, '1210009251', '18009251|895138', 6, 4, '32134002006', '2014-12-01', '0', '0', '0', '1', '0', '2013-03-08 15:24:15', '0000-00-00 00:00:00'),
(898, 13, '1210009252', '18009252|865801', 6, 4, '32134002006', '2014-12-01', '0', '0', '0', '1', '0', '2013-03-08 15:24:15', '0000-00-00 00:00:00'),
(899, 13, '1210009253', '18009253|465272', 6, 4, '32134002006', '2014-12-01', '0', '0', '0', '1', '0', '2013-03-08 15:24:15', '0000-00-00 00:00:00'),
(900, 13, '1210009254', '18009254|763334', 6, 4, '32134002006', '2014-12-01', '0', '0', '0', '1', '0', '2013-03-08 15:24:15', '0000-00-00 00:00:00'),
(901, 13, '1210009255', '18009255|740543', 6, 4, '32134002006', '2014-12-01', '0', '0', '0', '1', '0', '2013-03-08 15:24:15', '0000-00-00 00:00:00'),
(902, 13, '1210009256', '18009256|709794', 6, 4, '32134002006', '2014-12-01', '0', '0', '0', '1', '0', '2013-03-08 15:24:15', '0000-00-00 00:00:00'),
(903, 13, '1210009257', '18009257|095495', 6, 4, '32134002006', '2014-12-01', '0', '0', '0', '1', '0', '2013-03-08 15:24:15', '0000-00-00 00:00:00'),
(904, 13, '1210009258', '18009258|463950', 6, 4, '32134002006', '2014-12-01', '0', '0', '0', '1', '0', '2013-03-08 15:24:15', '0000-00-00 00:00:00'),
(905, 13, '1210009259', '18009259|324943', 6, 4, '32134002006', '2014-12-01', '0', '0', '0', '1', '0', '2013-03-08 15:24:15', '0000-00-00 00:00:00'),
(906, 13, '1210009260', '18009260|813589', 6, 4, '32134002006', '2014-12-01', '0', '0', '0', '1', '0', '2013-03-08 15:24:15', '0000-00-00 00:00:00'),
(907, 13, '1210009261', '18009261|704153', 6, 4, '32134002006', '2014-12-01', '0', '0', '0', '1', '0', '2013-03-08 15:24:15', '0000-00-00 00:00:00'),
(908, 13, '1210009262', '18009262|155987', 6, 4, '32134002006', '2014-12-01', '0', '0', '0', '1', '0', '2013-03-08 15:24:15', '0000-00-00 00:00:00'),
(909, 13, '1210009263', '18009263|385710', 6, 4, '32134002006', '2014-12-01', '0', '0', '0', '1', '0', '2013-03-08 15:24:15', '0000-00-00 00:00:00'),
(910, 13, '1210009264', '18009264|295736', 6, 4, '32134002006', '2014-12-01', '0', '0', '0', '1', '0', '2013-03-08 15:24:15', '0000-00-00 00:00:00'),
(911, 13, '1210009265', '18009265|633979', 6, 4, '32134002006', '2014-12-01', '0', '0', '0', '1', '0', '2013-03-08 15:24:15', '0000-00-00 00:00:00'),
(912, 13, '1210009266', '18009266|274705', 6, 4, '32134002006', '2014-12-01', '0', '0', '0', '1', '0', '2013-03-08 15:24:15', '0000-00-00 00:00:00'),
(913, 13, '1210009267', '18009267|809472', 6, 4, '32134002006', '2014-12-01', '0', '0', '0', '1', '0', '2013-03-08 15:24:15', '0000-00-00 00:00:00'),
(914, 13, '1210009268', '18009268|324920', 6, 4, '32134002006', '2014-12-01', '0', '0', '0', '1', '0', '2013-03-08 15:24:15', '0000-00-00 00:00:00'),
(915, 13, '1210009269', '18009269|949407', 6, 4, '32134002006', '2014-12-01', '0', '0', '0', '1', '0', '2013-03-08 15:24:15', '0000-00-00 00:00:00');

-- --------------------------------------------------------

--
-- Table structure for table `coupon_locks`
--

CREATE TABLE IF NOT EXISTS `coupon_locks` (
  `id` int(11) NOT NULL AUTO_INCREMENT,
  `coupon_id` bigint(11) NOT NULL,
  `created` datetime NOT NULL,
  `modified` timestamp NOT NULL DEFAULT CURRENT_TIMESTAMP ON UPDATE CURRENT_TIMESTAMP,
  PRIMARY KEY (`id`)
) ENGINE=MyISAM DEFAULT CHARSET=latin1 AUTO_INCREMENT=1 ;

-- --------------------------------------------------------

--
-- Table structure for table `coupon_sales`
--

CREATE TABLE IF NOT EXISTS `coupon_sales` (
  `id` int(11) NOT NULL AUTO_INCREMENT,
  `coupon_id` varchar(50) CHARACTER SET utf8 COLLATE utf8_danish_ci NOT NULL,
  `vendor_id` int(11) NOT NULL,
  `category_id` int(11) NOT NULL,
  `product_code` varchar(100) CHARACTER SET utf8 COLLATE utf8_danish_ci NOT NULL,
  `user_id` int(11) DEFAULT NULL,
  `dealer_id` int(11) DEFAULT NULL,
  `parent_id` int(11) NOT NULL,
  `price` float NOT NULL,
  `created` datetime NOT NULL,
  `modified` timestamp NOT NULL DEFAULT CURRENT_TIMESTAMP ON UPDATE CURRENT_TIMESTAMP,
  PRIMARY KEY (`id`),
  KEY `coupon_id` (`coupon_id`),
  KEY `vendor_id` (`vendor_id`),
  KEY `category_id` (`category_id`),
  KEY `user_id` (`user_id`),
  KEY `dealer_id` (`dealer_id`),
  KEY `parent_id` (`parent_id`),
  KEY `price` (`price`)
) ENGINE=MyISAM  DEFAULT CHARSET=latin1 AUTO_INCREMENT=13 ;

--
-- Dumping data for table `coupon_sales`
--

INSERT INTO `coupon_sales` (`id`, `coupon_id`, `vendor_id`, `category_id`, `product_code`, `user_id`, `dealer_id`, `parent_id`, `price`, `created`, `modified`) VALUES
(1, '3', 1, 1, '0321654987', NULL, 10, 8, 100, '2013-02-26 15:46:05', '2013-02-26 15:46:05'),
(2, '4', 1, 1, '0321654987', NULL, 4, 0, 100, '2013-02-26 15:49:41', '2013-02-26 15:49:41'),
(3, '5', 1, 1, '0321654987', NULL, 11, 8, 100, '2013-02-26 16:47:12', '2013-02-26 16:47:12'),
(4, '6', 1, 1, '0321654987', NULL, 11, 8, 100, '2013-02-26 16:54:27', '2013-02-26 16:54:27'),
(5, '215', 5, 4, '32134002006', NULL, 10, 8, 99, '2013-02-26 23:57:26', '2013-02-26 23:57:26'),
(6, '216', 5, 4, '32134002006', NULL, 10, 8, 99, '2013-02-26 23:59:06', '2013-02-26 23:59:06'),
(7, '7', 1, 1, '0321654987', NULL, 4, 0, 100, '2013-02-27 12:05:09', '2013-02-27 12:05:09'),
(8, '8', 1, 1, '0321654987', NULL, 4, 0, 100, '2013-02-28 13:06:31', '2013-02-28 13:06:31'),
(9, '9', 1, 1, '0321654987', NULL, 4, 0, 100, '2013-02-28 13:18:29', '2013-02-28 13:18:29'),
(10, '616', 6, 4, '32134002006', NULL, 13, 0, 99, '2013-04-09 14:54:22', '2013-04-09 14:54:22'),
(11, '617', 6, 4, '32134002006', NULL, 13, 0, 99, '2013-05-06 13:20:40', '2013-05-06 13:20:40'),
(12, '618', 6, 4, '32134002006', NULL, 13, 0, 99, '2013-05-14 15:34:49', '2013-05-14 15:34:49');

-- --------------------------------------------------------

--
-- Table structure for table `email_templates`
--

CREATE TABLE IF NOT EXISTS `email_templates` (
  `id` int(11) NOT NULL AUTO_INCREMENT,
  `title` varchar(50) CHARACTER SET utf8 COLLATE utf8_danish_ci NOT NULL,
  `slug` varchar(50) NOT NULL,
  `allowed_variable` varchar(100) NOT NULL,
  `subject` varchar(100) CHARACTER SET utf8 COLLATE utf8_danish_ci NOT NULL,
  `description` text CHARACTER SET utf8 COLLATE utf8_danish_ci NOT NULL,
  `is_active` set('0','1') NOT NULL DEFAULT '1' COMMENT '"1"=>"active","0"=>"decative"',
  `is_deleted` set('0','1') NOT NULL DEFAULT '0' COMMENT '"1"=>"deleted","0"=>"not deleted"',
  `created` datetime NOT NULL,
  `modified` timestamp NOT NULL DEFAULT CURRENT_TIMESTAMP ON UPDATE CURRENT_TIMESTAMP,
  PRIMARY KEY (`id`)
) ENGINE=MyISAM  DEFAULT CHARSET=latin1 AUTO_INCREMENT=3 ;

--
-- Dumping data for table `email_templates`
--

INSERT INTO `email_templates` (`id`, `title`, `slug`, `allowed_variable`, `subject`, `description`, `is_active`, `is_deleted`, `created`, `modified`) VALUES
(1, 'Forgot Password', 'forgot-password', '{PASSLINK}', 'Password Reset', '<p>Hello,</p>\r\n<p>To reset your password pleas click the following link: {PASSLINK} .</p>\r\n<p>Thanks,</p>\r\n<p>media-design.dk</p>', '1', '0', '2013-01-09 00:00:00', '2013-02-26 11:14:56'),
(2, 'Coupon Sold', 'coupon-sold', '{DESCRIPTION_CODE}', 'Coupon Details', '{DESCRIPTION_CODE}\r\n	', '1', '0', '2013-01-05 00:00:00', '2013-02-27 12:40:23');

-- --------------------------------------------------------

--
-- Table structure for table `permissions`
--

CREATE TABLE IF NOT EXISTS `permissions` (
  `id` int(11) NOT NULL AUTO_INCREMENT,
  `parent_id` int(11) NOT NULL,
  `title` varchar(50) CHARACTER SET utf8 COLLATE utf8_danish_ci NOT NULL,
  `description` varchar(100) CHARACTER SET utf8 COLLATE utf8_danish_ci NOT NULL,
  `controller` varchar(50) NOT NULL,
  `action` varchar(100) NOT NULL,
  `is_main_action` set('0','1') NOT NULL DEFAULT '0',
  `show_as_link` set('Y','N') NOT NULL DEFAULT 'Y',
  `is_active` set('0','1') NOT NULL DEFAULT '1',
  `is_deleted` set('0','1') NOT NULL DEFAULT '0' COMMENT '''1''  means active and  ''0'' means Inactive',
  `created` datetime NOT NULL COMMENT '''1'' means yes and ''0'' means not',
  `modified` timestamp NOT NULL DEFAULT CURRENT_TIMESTAMP ON UPDATE CURRENT_TIMESTAMP,
  PRIMARY KEY (`id`),
  KEY `parent_id` (`parent_id`)
) ENGINE=MyISAM  DEFAULT CHARSET=latin1 AUTO_INCREMENT=78 ;

--
-- Dumping data for table `permissions`
--

INSERT INTO `permissions` (`id`, `parent_id`, `title`, `description`, `controller`, `action`, `is_main_action`, `show_as_link`, `is_active`, `is_deleted`, `created`, `modified`) VALUES
(1, 0, 'Dashboard', 'It is dashboard', 'dashboards', 'admin_index', '1', 'Y', '1', '1', '2013-01-12 00:00:00', '2013-03-20 10:47:51'),
(2, 0, 'User Mgmt', 'It shows a user  listing', 'users', 'admin_user_listing', '1', 'Y', '1', '0', '2013-01-12 00:00:00', '2013-01-16 04:32:52'),
(3, 2, 'Role Mgmt', 'It shows role listing', 'users', 'admin_role_listing', '0', 'Y', '1', '0', '2013-01-12 00:00:00', '2013-03-20 10:55:30'),
(4, 6, 'Vendor Mgmt', 'It shows vendor managements', 'vendors', 'admin_list', '0', 'Y', '1', '0', '2013-01-12 00:00:00', '2013-03-20 10:55:20'),
(5, 0, 'Voucher Mgmt', 'It shows voucher listing', 'categories', 'admin_listing', '0', 'N', '1', '0', '2013-01-12 00:00:00', '2013-01-29 08:33:47'),
(6, 0, 'Product Mgmt', 'it shows product list', 'products', 'admin_listing', '1', 'Y', '1', '0', '2013-01-12 00:00:00', '2013-01-16 04:33:33'),
(7, 6, 'Coupon Mgmt', 'it shows coupon listing', 'coupons', 'admin_list', '0', 'Y', '1', '0', '2013-01-12 00:00:00', '2013-03-20 10:55:17'),
(8, 0, 'Slg taletid', 'It shows coupon sale', 'coupons', 'admin_sale', '1', 'Y', '1', '0', '2013-01-12 00:00:00', '2013-02-26 15:56:44'),
(9, 2, 'My Profile', 'It is used to edit user profile', 'dashboards', 'admin_my_profile', '0', 'Y', '1', '0', '2013-01-12 00:00:00', '2013-03-20 10:56:09'),
(10, 2, 'Unauthorize', 'It is used to see unauthorize page ', 'dashboards', 'admin_unauthorize', '0', 'N', '1', '0', '2013-01-12 00:00:00', '2013-03-20 10:49:49'),
(11, 2, 'Add User', 'Ii is used to add user by admin', 'users', 'admin_add_user', '0', 'N', '1', '0', '2013-01-12 00:00:00', '2013-03-20 10:56:33'),
(12, 2, 'Edit User', 'It is edit by admin', 'users', 'admin_edit_user', '0', 'N', '1', '0', '2013-01-12 00:00:00', '2013-01-12 07:28:25'),
(13, 2, 'Bulk Operation', 'it is used to active,deactive and delete in bulk', 'users', 'admin_bulk_action', '0', 'N', '1', '0', '2013-01-12 00:00:00', '2013-01-12 07:22:42'),
(14, 2, 'Active User', 'active, decative not in bulk', 'users', 'admin_activate_bulk', '0', 'N', '1', '0', '2013-01-12 00:00:00', '2013-01-12 07:22:42'),
(15, 2, 'Delete', 'delete no tin bulk', 'users', 'admin_delete_bulk', '0', 'N', '1', '0', '2013-01-12 00:00:00', '2013-01-12 07:24:23'),
(16, 2, 'Add Role', 'Add role by admin', 'users', 'admin_add_role', '0', 'N', '1', '0', '2013-01-12 00:00:00', '2013-03-20 10:56:37'),
(17, 2, 'Edit Role', 'edit role by admin', 'users', 'admin_edit_role', '0', 'N', '1', '0', '2013-01-12 00:00:00', '2013-03-20 10:53:00'),
(18, 6, 'Add Vendor', 'It is used to add vendor', 'vendors', 'admin_add', '0', 'N', '1', '0', '2013-01-12 00:00:00', '2013-03-20 10:56:43'),
(19, 6, 'Edit Vendor', 'it is used to edit vendor', 'vendors', 'admin_edit', '0', 'N', '1', '0', '2013-01-12 00:00:00', '2013-03-20 10:51:58'),
(20, 6, 'Bulk Active/Deactive/Delete', 'it is used to active,deactive and delete in bulk', 'vendors', 'admin_bulk_action', '0', 'N', '1', '0', '2013-01-12 00:00:00', '2013-03-20 10:51:58'),
(21, 6, 'Active/Deactive', 'It is used to active/decative not in bulk', 'vendors', 'admin_activate_vendor', '0', 'N', '1', '0', '0000-00-00 00:00:00', '2013-03-20 10:51:58'),
(22, 6, 'Delete', 'delete not in bulk', 'vendors', 'admin_delete_vendor', '0', 'N', '1', '0', '2013-01-12 00:00:00', '2013-03-20 10:51:58'),
(23, 6, 'Add voucher', 'It is used to add voucher', 'categories', 'admin_add_category', '0', 'N', '1', '0', '2013-01-12 00:00:00', '2013-03-20 10:51:58'),
(24, 6, 'Edit Voucher', 'It is used to edit voucher', 'categories', 'admin_edit_category', '0', 'N', '1', '0', '2013-01-12 00:00:00', '2013-03-20 10:51:58'),
(25, 6, 'Active/Decative/Delete Bulk', 'active/decative/delete in bulk', 'categories', 'admin_bulk_action', '0', 'N', '1', '0', '2013-01-12 00:00:00', '2013-03-20 10:51:58'),
(26, 6, 'Active Not Bulk', 'active/decative', 'categories', 'admin_activate_category', '0', 'N', '1', '0', '2013-01-12 00:00:00', '2013-03-20 10:51:58'),
(27, 6, 'Add Product', 'it is used to add products', 'products', 'admin_add_product', '0', 'N', '1', '0', '2013-01-12 00:00:00', '2013-03-20 10:56:58'),
(28, 6, 'Edit product', 'it is used to edit product', 'products', 'admin_edit_product', '0', 'N', '1', '0', '2013-01-12 00:00:00', '2013-01-12 08:01:27'),
(29, 6, 'Active/Decative/Delete Bulk', 'active/decative/delete in bulk', 'products', 'admin_bulk_action', '0', 'N', '1', '0', '2013-01-12 00:00:00', '2013-01-12 08:03:41'),
(30, 6, 'Active/Decative not in Bulk', 'active/decative/delete not in bulk', 'products', 'admin_activate_product', '0', 'N', '1', '0', '0000-00-00 00:00:00', '2013-01-12 08:04:29'),
(31, 6, 'Add Coupon', 'It is used to add coupon', 'coupons', 'admin_add', '0', 'N', '1', '0', '2013-01-12 00:00:00', '2013-03-20 10:57:03'),
(32, 6, 'Edit Coupon', 'it is used to edit coupon', 'coupons', 'admin_edit', '0', 'N', '1', '0', '2013-01-12 00:00:00', '2013-03-20 10:51:58'),
(33, 6, 'Bulk Active/Deactive/Delete', 'active/decative/delete in bulk', 'coupons', 'admin_bulk_action', '0', 'N', '1', '0', '2013-01-12 00:00:00', '2013-03-20 10:51:58'),
(34, 6, 'Active/Deactive not in Bulk', 'active, decative not in bulk', 'coupons', 'admin_activate_coupon', '0', 'N', '1', '0', '2013-01-12 00:00:00', '2013-03-20 10:51:58'),
(35, 6, 'Delete Coupons', 'it is used to delete not in bulk', 'coupons', 'admin_delete_coupon', '0', 'N', '1', '0', '2013-01-12 00:00:00', '2013-03-20 10:51:58'),
(36, 6, 'Upload Coupon CSV', 'upload coupon csv', 'coupons', 'admin_upload_coupon_csv', '0', 'Y', '1', '0', '2013-01-12 00:00:00', '2013-03-20 10:51:58'),
(57, 8, 'Coupons SellCoupon', 'it shows coupons sell coupon dialog box.', 'coupons', 'admin_salecoupon', '0', 'N', '1', '0', '2013-01-05 00:00:00', '2013-01-23 09:12:57'),
(43, 8, 'Coupon Sale', 'when user click on coupon sell button', 'coupons', 'admin_showcoupon', '0', 'N', '1', '0', '2013-01-05 00:00:00', '2013-01-23 08:14:13'),
(44, 2, 'User Permissions', 'it is used to select user permissions', 'users', 'admin_user_permission', '0', 'N', '1', '0', '2013-01-14 00:00:00', '2013-01-14 07:30:07'),
(45, 6, 'Select Product ', 'It is used to select produt ', 'coupons', 'admin_select_product', '0', 'N', '1', '0', '2013-01-14 00:00:00', '2013-03-20 10:51:58'),
(46, 0, 'Report Mgmt', 'it is used to see dealer report', 'users', 'admin_overall_trends', '1', 'Y', '1', '0', '2013-01-16 00:00:00', '2013-01-29 08:47:15'),
(47, 46, 'Vendor Report', 'It is used to see vendor report', 'vendors', 'admin_vendor_report', '0', 'Y', '1', '0', '2013-01-16 00:00:00', '2013-01-16 04:58:47'),
(48, 8, 'Coupons search', 'coupons sell search', 'coupons', 'admin_search', '0', 'N', '1', '0', '2013-01-05 00:00:00', '2013-01-23 09:15:41'),
(49, 46, 'Voucher Report', 'It is used to see voucher report', 'categories', 'admin_voucher_report', '0', 'Y', '1', '0', '2013-01-16 00:00:00', '2013-01-16 07:25:23'),
(50, 46, 'Sub Dealer Report', 'It is used to see sub dealer report', 'users', 'admin_sub_dealer_report', '0', 'N', '1', '0', '2013-01-17 00:00:00', '2013-01-17 12:58:32'),
(51, 1, 'Graphs', 'Graphs Functions', 'graphs', 'admin_index', '0', 'N', '1', '0', '2013-01-18 00:00:00', '2013-01-18 14:53:31'),
(52, 2, 'Ajax Role Validate Function', 'it is used to ajax chek', 'users', 'admin_validate_add_role_ajax', '0', 'N', '1', '0', '2013-01-21 00:00:00', '2013-01-21 11:56:25'),
(53, 6, 'Ajax Validate Vendor', 'it is used to validate vendor data through ajax', 'vendors', 'admin_validate_data_ajax', '0', 'N', '1', '0', '2013-01-21 00:00:00', '2013-03-20 10:51:58'),
(54, 6, 'Ajax Validate Voucher', 'it is used to validate voucher throughh ajax', 'categories', 'admin_validate_add_category_ajax', '0', 'N', '1', '0', '2013-01-21 00:00:00', '2013-03-20 10:51:58'),
(55, 6, 'Ajax Validate Product', 'it is used to validate product  throughh ajax', 'products', 'admin_validate_add_product_ajax', '0', 'N', '1', '0', '2013-01-21 00:00:00', '2013-01-21 11:58:36'),
(56, 6, 'Ajax Validate Coupon', 'it is used to validate coupons  throughh ajax', 'coupons', 'admin_validate_data_ajax', '0', 'N', '1', '0', '2013-01-21 00:00:00', '2013-03-20 10:51:58'),
(58, 6, 'coupon csv conformation', 'coupon csv conformation', 'coupons', 'admin_coupon_csv_conformation', '0', 'N', '1', '0', '2013-01-05 00:00:00', '2013-03-20 10:51:58'),
(59, 46, 'Coupon Report', 'It is used to see coupon report', 'vendors', 'admin_coupon_report', '0', 'Y', '1', '0', '2013-01-29 00:00:00', '2013-01-29 13:37:41'),
(60, 0, 'Cms Listing', 'It is used for cms listing', 'settings', 'admin_cms_list', '1', 'Y', '1', '0', '2013-01-29 00:00:00', '2013-01-29 08:49:46'),
(61, 60, 'Edit Cms Page', 'it is used to edit cms', 'settings', 'admin_edit_cms_page', '0', 'N', '1', '0', '2013-01-29 00:00:00', '2013-01-29 09:02:05'),
(62, 60, 'Cms Edit ajax validate', 'it is used to ajax validate', 'settings', 'admin_validate_edit_cms_ajax', '0', 'N', '1', '0', '2013-01-29 00:00:00', '2013-01-29 09:02:01'),
(63, 1, 'Cupon Statistics', 'it is used for coupon statistics', 'dashboards', 'admin_coupon_statistics', '0', 'N', '1', '0', '2013-01-29 00:00:00', '2013-01-29 08:57:07'),
(64, 46, 'Dealer Report', 'It is used to see dealer report', 'users', 'admin_dealer_report', '0', 'Y', '1', '0', '2013-01-29 00:00:00', '2013-01-29 13:39:01'),
(65, 8, 'Coupon Sold Email', 'Coupon Sold Email', 'coupons', 'admin_couponemail', '0', 'N', '1', '0', '2013-01-05 00:00:00', '2013-01-31 09:09:20'),
(66, 8, 'Coupon Sold Sms', 'Coupon Sold Sms', 'coupons', 'admin_couponsms', '0', 'N', '1', '0', '2013-01-05 00:00:00', '2013-01-31 09:10:12'),
(68, 6, 'Batch Listing', 'It is used to see batch listing', 'batches', 'admin_listing', '0', 'Y', '1', '0', '2013-02-05 00:00:00', '2013-03-20 10:51:58'),
(69, 6, 'Delete Batches', 'It is used to delete bulk data', 'batches', 'admin_bulk_action', '0', 'N', '1', '0', '2013-02-05 00:00:00', '2013-03-20 10:51:58'),
(70, 6, 'Delete Batch', 'It is used to delete batch not in bulk', 'batches', 'admin_delete_batch', '0', 'N', '1', '0', '2013-02-05 00:00:00', '2013-03-20 10:51:58'),
(71, 8, 'History', '', 'coupons', 'admin_history', '0', 'Y', '1', '0', '2013-01-11 00:00:00', '2013-02-07 06:00:35'),
(72, 6, 'Pull Coupon', 'It is used to pull coupon by Admin', 'coupons', 'admin_coupon_pull', '0', 'Y', '1', '0', '2013-03-04 00:00:00', '2013-03-20 11:02:14'),
(73, 6, 'Coupon Bulk Sale', 'when user click on coupon sell button', 'coupons', 'admin_bulksalecoupon', '0', 'N', '1', '0', '2013-03-04 00:00:00', '2013-03-20 10:58:29'),
(74, 6, 'Coupon Pull History', 'It is used to see coupon pull history', 'coupons', 'admin_coupon_pull_history', '0', 'Y', '1', '0', '2013-03-04 00:00:00', '2013-03-20 10:58:33'),
(75, 6, 'Delete PDF/CSV', 'It is used to delete pdf/csv', 'coupons', 'admin_delete_csv_pdf', '0', 'N', '1', '0', '2013-03-04 00:00:00', '2013-03-20 10:58:37'),
(76, 6, 'Delete Product', 'It is used to delete product', 'products', 'admin_delete_bulk', '0', 'N', '1', '0', '2013-03-06 00:00:00', '2013-03-06 11:41:35'),
(77, 6, 'Batch popup', 'Batch popup', 'batches', 'admin_batch_popup', '0', 'N', '1', '0', '0000-00-00 00:00:00', '2013-03-20 10:51:58');

-- --------------------------------------------------------

--
-- Table structure for table `products`
--

CREATE TABLE IF NOT EXISTS `products` (
  `id` int(11) NOT NULL AUTO_INCREMENT,
  `p_id` varchar(100) NOT NULL,
  `product_code` varchar(100) NOT NULL,
  `category_id` int(11) NOT NULL,
  `vendor_id` int(11) NOT NULL,
  `title` varchar(100) NOT NULL,
  `seo_title` varchar(100) NOT NULL,
  `meta_title` text NOT NULL,
  `meta_key` text NOT NULL,
  `meta_description` text NOT NULL,
  `description` varchar(500) CHARACTER SET utf8 COLLATE utf8_danish_ci NOT NULL,
  `sms_description` varchar(400) CHARACTER SET utf8 COLLATE utf8_danish_ci NOT NULL,
  `is_active` set('0','1') NOT NULL DEFAULT '1' COMMENT '"0"=>"inactive","1"=>"active"',
  `is_deleted` set('0','1') NOT NULL DEFAULT '0' COMMENT '"0"=>"nnot delete","1"=>"delete"',
  `created` datetime NOT NULL,
  `modified` timestamp NOT NULL DEFAULT CURRENT_TIMESTAMP ON UPDATE CURRENT_TIMESTAMP,
  PRIMARY KEY (`id`),
  KEY `category_id` (`category_id`),
  KEY `product_code` (`product_code`),
  KEY `vendor_id` (`vendor_id`)
) ENGINE=MyISAM  DEFAULT CHARSET=latin1 AUTO_INCREMENT=7 ;

--
-- Dumping data for table `products`
--

INSERT INTO `products` (`id`, `p_id`, `product_code`, `category_id`, `vendor_id`, `title`, `seo_title`, `meta_title`, `meta_key`, `meta_description`, `description`, `sms_description`, `is_active`, `is_deleted`, `created`, `modified`) VALUES
(1, '', '0321654987', 1, 1, 'TDC 100', '', '', '', '', '<p>Tak for dit kb af {VENDOR_NAME} {VOUCHER}.</p> {n} {n}<p>Din Tank-op kode er:</p> {n}<p>{ACTIVATION_CODE}</p> {n}<p>1. Ring til 80 80 80 80</p>  {n}<p>2. Flg vejledningnen</p>{n} {n}<p>Har du sprgsml? Besg hallo.dk eller ring til vores.support p  70 30 00 30</p> {n}<p>Refference #{COUPON_CODE}.</p>  {n}<p>-----------------------------</p>', '', '1', '1', '2013-01-23 09:43:51', '2013-03-15 11:46:29'),
(3, '', '0321654989', 3, 1, 'TDC 99', '', '', '', '', '<p>Tak for dit kb af {VENDOR_NAME} {VOUCHER}.</p> {n} {n}<p>Din Tank-op kode er:</p> {n}<p>{ACTIVATION_CODE}</p> {n}<p>1. Ring til 80 80 80 80</p> {n}<p>2. Flg vejledningnen</p> {n}{n}<p>Har du sprgsml? Besg</p> <p>hallo.dk eller ring til vores</p> <p>support p  70 30 00 30</p> {n}<p>Refference #{COUPON_CODE}.</p>  {n}<p>-----------------------------</p>', '', '1', '1', '2013-02-25 12:57:33', '2013-03-15 11:46:26'),
(4, '', '12345', 4, 5, 'CBB 99', '', '', '', '', '<p>Tak for dit kb af {VENDOR_NAME} {VOUCHER}.</p> {n} {n}<p>Din Tank-op kode er:</p> {n}<p>{ACTIVATION_CODE}</p> {n}<p>1. Ring til 80 80 80 80</p>  {n}<p>2. Flg vejledningnen</p>{n} {n}<p>Har du sprgsml? Besg</p> <p>hallo.dk eller ring til vores</p> <p>support p  70 30 00 30</p> {n}<p>Refference #{COUPON_CODE}.</p>  {n}<p>-----------------------------</p>', '', '1', '1', '2013-02-26 16:58:48', '2013-03-04 13:08:33'),
(5, 'CBB 99', '32134002006', 4, 6, 'CBB 99', '', '', '', '', '<p>Tak for dit k&oslash;b af {VENDOR_NAME} {VOUCHER}.</p>\r\n<p>{n}</p>\r\n<p>Din Tank-op kode er:</p>\r\n<p>{n}</p>\r\n<p>{ACTIVATION_CODE}</p>\r\n<p>{n}</p>\r\n<p>1.&nbsp;Not&eacute;r koden foroven; ring 8060 0066 og f&oslash;lg anvisningen.<br />Bem&aelig;rk at kortkoden er de f&oslash;rste&nbsp;8 cifre og kontrolkoden er de sidste 6 cifre af ovenst&aring;ende kode.<br />Derefter vil din taletidskonto blive tanket op, indenfor f&aring; minutter.</p>\r\n<p>Det indsatte bel&oslash;b er brugbart i 6 mdr.</p>\r', 'Tak for dit kb af {VENDOR_NAME}\r\n{VOUCHER}.\r\n{n}\r\nDin Tank-op kode er:\r\n{n}\r\n{ACTIVATION_CODE}\r\n{n}\r\n1. Notr koden foroven, ring\r\n8060 0066 og flg anvisningen.\r\nDerefter vil din taletidskonto \r\nblive tanket op, indenfor f minutter\r\nDet indsatte belb er brugbart i 6 mdr.\r\n\r\nService: 3346 0101\r\n{COUPON_CODE}', '1', '0', '2013-03-04 14:39:09', '2013-05-14 15:48:22'),
(6, 'Telenor12', '5515835', 5, 2, 'Telenor 50', '', '', '', '', '<p>Tak for dit k&oslash;b af {VENDOR_NAME} {VOUCHER}.</p>\r\n<p>{n} {n}</p>\r\n<p>Din Tank-op kode er:</p>\r\n<p>{n}</p>\r\n<p>{ACTIVATION_CODE}</p>\r\n<p>{n}</p>\r\n<p>1. Ring til 80 80 80 80</p>\r\n<p>{n}</p>\r\n<p>2. F&oslash;lg vejledningnen</p>\r\n<p>{n} {n}</p>\r\n<p>Har du sp&oslash;rgsm&aring;l? Bes&oslash;g</p>\r\n<p>hallo.dk eller ring til vores</p>\r\n<p>support p&aring; 70 30 00 30</p>\r\n<p>{n}</p>\r\n<p>Refference #{COUPON_CODE}.</p>\r\n<p>{n}</p>\r\n<p>-----------------------------</p>', 'Tak for dit kb af {VENDOR_NAME} {VOUCHER}. {n} {n}  Din Tank-op kode er: {n} {ACTIVATION_CODE} {n} 1. Ring til 80 80 80 80{n} 2. Flg vejledningnen{n} {n} Har du sprgsml? Besg  hallo.dk eller ring til vores support p  70 30 00 30{n}  Refference #{COUPON_CODE}. {n}', '0', '1', '2013-03-06 00:21:10', '2013-03-15 11:46:20');

-- --------------------------------------------------------

--
-- Stand-in structure for view `reporters`
--
CREATE TABLE IF NOT EXISTS `reporters` (
`user_id` bigint(11)
,`total` double
,`modified` timestamp
,`first_name` varchar(50)
,`last_name` varchar(50)
,`phone_no` varchar(15)
,`email` varchar(80)
,`is_active` set('0','1')
);
-- --------------------------------------------------------

--
-- Table structure for table `roles`
--

CREATE TABLE IF NOT EXISTS `roles` (
  `id` int(11) NOT NULL AUTO_INCREMENT,
  `title` varchar(50) CHARACTER SET utf8 COLLATE utf8_danish_ci NOT NULL,
  `description` text CHARACTER SET utf8 COLLATE utf8_danish_ci NOT NULL,
  `is_super_admin` set('0','1') NOT NULL DEFAULT '0' COMMENT '"1"=>"super admin"',
  `is_active` set('0','1') NOT NULL DEFAULT '1',
  `is_deleted` set('0','1') NOT NULL DEFAULT '0',
  `created` datetime NOT NULL,
  `modified` timestamp NOT NULL DEFAULT CURRENT_TIMESTAMP ON UPDATE CURRENT_TIMESTAMP,
  PRIMARY KEY (`id`)
) ENGINE=MyISAM  DEFAULT CHARSET=latin1 AUTO_INCREMENT=6 ;

--
-- Dumping data for table `roles`
--

INSERT INTO `roles` (`id`, `title`, `description`, `is_super_admin`, `is_active`, `is_deleted`, `created`, `modified`) VALUES
(1, 'Super Admin', 'It have full access of website', '1', '1', '0', '2013-01-08 00:00:00', '2013-01-08 05:48:12'),
(2, 'Dealer', 'With limited permissions', '0', '1', '0', '2013-01-08 00:00:00', '2013-05-14 15:34:08'),
(3, 'Sub Dealer', 'With limited permissions', '0', '1', '0', '2013-01-08 00:00:00', '2013-03-04 13:06:58'),
(4, 'Admin - with limited permissions', '', '0', '1', '0', '2013-01-18 16:48:27', '2013-03-29 11:57:12'),
(5, 'Administrator', '', '0', '1', '0', '2013-03-14 16:44:57', '2013-03-14 16:44:57');

-- --------------------------------------------------------

--
-- Table structure for table `role_permissions`
--

CREATE TABLE IF NOT EXISTS `role_permissions` (
  `id` int(11) NOT NULL AUTO_INCREMENT,
  `permission_id` int(11) NOT NULL,
  `role_id` int(11) NOT NULL,
  `is_active` set('0','1') NOT NULL DEFAULT '1' COMMENT '''1''  means active and  ''0'' means Inactive',
  `is_deleted` set('0','1') NOT NULL DEFAULT '0' COMMENT ' ''1'' means yes and ''0'' means not',
  `created` datetime NOT NULL,
  `modified` timestamp NOT NULL DEFAULT CURRENT_TIMESTAMP ON UPDATE CURRENT_TIMESTAMP,
  PRIMARY KEY (`id`),
  KEY `permission_id` (`permission_id`),
  KEY `role_id` (`role_id`)
) ENGINE=MyISAM  DEFAULT CHARSET=latin1 AUTO_INCREMENT=295 ;

--
-- Dumping data for table `role_permissions`
--

INSERT INTO `role_permissions` (`id`, `permission_id`, `role_id`, `is_active`, `is_deleted`, `created`, `modified`) VALUES
(149, 8, 3, '1', '0', '2013-03-04 13:06:58', '0000-00-00 00:00:00'),
(148, 10, 3, '1', '0', '2013-03-04 13:06:58', '0000-00-00 00:00:00'),
(147, 9, 3, '1', '0', '2013-03-04 13:06:58', '0000-00-00 00:00:00'),
(289, 8, 2, '1', '0', '2013-05-14 15:34:08', '0000-00-00 00:00:00'),
(290, 57, 2, '1', '0', '2013-05-14 15:34:08', '0000-00-00 00:00:00'),
(291, 43, 2, '1', '0', '2013-05-14 15:34:08', '0000-00-00 00:00:00'),
(292, 48, 2, '1', '0', '2013-05-14 15:34:08', '0000-00-00 00:00:00'),
(293, 65, 2, '1', '0', '2013-05-14 15:34:08', '0000-00-00 00:00:00'),
(294, 71, 2, '1', '0', '2013-05-14 15:34:08', '0000-00-00 00:00:00'),
(150, 57, 3, '1', '0', '2013-03-04 13:06:58', '0000-00-00 00:00:00'),
(151, 43, 3, '1', '0', '2013-03-04 13:06:58', '0000-00-00 00:00:00'),
(152, 48, 3, '1', '0', '2013-03-04 13:06:58', '0000-00-00 00:00:00'),
(153, 65, 3, '1', '0', '2013-03-04 13:06:58', '0000-00-00 00:00:00'),
(260, 64, 4, '1', '0', '2013-03-29 11:57:14', '0000-00-00 00:00:00'),
(259, 59, 4, '1', '0', '2013-03-29 11:57:14', '0000-00-00 00:00:00'),
(258, 50, 4, '1', '0', '2013-03-29 11:57:14', '0000-00-00 00:00:00'),
(257, 49, 4, '1', '0', '2013-03-29 11:57:14', '0000-00-00 00:00:00'),
(256, 47, 4, '1', '0', '2013-03-29 11:57:14', '0000-00-00 00:00:00'),
(255, 46, 4, '1', '0', '2013-03-29 11:57:14', '0000-00-00 00:00:00'),
(254, 30, 4, '1', '0', '2013-03-29 11:57:14', '0000-00-00 00:00:00'),
(253, 29, 4, '1', '0', '2013-03-29 11:57:14', '0000-00-00 00:00:00'),
(252, 28, 4, '1', '0', '2013-03-29 11:57:14', '0000-00-00 00:00:00'),
(251, 27, 4, '1', '0', '2013-03-29 11:57:14', '0000-00-00 00:00:00'),
(250, 26, 4, '1', '0', '2013-03-29 11:57:14', '0000-00-00 00:00:00'),
(249, 25, 4, '1', '0', '2013-03-29 11:57:14', '0000-00-00 00:00:00'),
(248, 24, 4, '1', '0', '2013-03-29 11:57:14', '0000-00-00 00:00:00'),
(247, 23, 4, '1', '0', '2013-03-29 11:57:14', '0000-00-00 00:00:00'),
(246, 22, 4, '1', '0', '2013-03-29 11:57:14', '0000-00-00 00:00:00'),
(245, 21, 4, '1', '0', '2013-03-29 11:57:14', '0000-00-00 00:00:00'),
(244, 20, 4, '1', '0', '2013-03-29 11:57:14', '0000-00-00 00:00:00'),
(243, 19, 4, '1', '0', '2013-03-29 11:57:14', '0000-00-00 00:00:00'),
(242, 18, 4, '1', '0', '2013-03-29 11:57:14', '0000-00-00 00:00:00'),
(241, 4, 4, '1', '0', '2013-03-29 11:57:14', '0000-00-00 00:00:00'),
(240, 6, 4, '1', '0', '2013-03-29 11:57:14', '0000-00-00 00:00:00'),
(239, 44, 4, '1', '0', '2013-03-29 11:57:13', '0000-00-00 00:00:00'),
(238, 17, 4, '1', '0', '2013-03-29 11:57:13', '0000-00-00 00:00:00'),
(237, 16, 4, '1', '0', '2013-03-29 11:57:13', '0000-00-00 00:00:00'),
(236, 14, 4, '1', '0', '2013-03-29 11:57:13', '0000-00-00 00:00:00'),
(235, 13, 4, '1', '0', '2013-03-29 11:57:13', '0000-00-00 00:00:00'),
(234, 10, 4, '1', '0', '2013-03-29 11:57:13', '0000-00-00 00:00:00'),
(233, 3, 4, '1', '0', '2013-03-29 11:57:13', '0000-00-00 00:00:00'),
(232, 2, 4, '1', '0', '2013-03-29 11:57:13', '0000-00-00 00:00:00'),
(154, 66, 3, '1', '0', '2013-03-04 13:06:58', '0000-00-00 00:00:00'),
(155, 71, 3, '1', '0', '2013-03-04 13:06:58', '0000-00-00 00:00:00'),
(146, 1, 3, '1', '0', '2013-03-04 13:06:58', '0000-00-00 00:00:00'),
(168, 1, 5, '1', '0', '2013-03-14 16:44:57', '0000-00-00 00:00:00'),
(169, 9, 5, '1', '0', '2013-03-14 16:44:57', '0000-00-00 00:00:00'),
(170, 10, 5, '1', '0', '2013-03-14 16:44:57', '0000-00-00 00:00:00'),
(171, 51, 5, '1', '0', '2013-03-14 16:44:57', '0000-00-00 00:00:00'),
(172, 63, 5, '1', '0', '2013-03-14 16:44:57', '0000-00-00 00:00:00'),
(173, 2, 5, '1', '0', '2013-03-14 16:44:57', '0000-00-00 00:00:00'),
(174, 11, 5, '1', '0', '2013-03-14 16:44:57', '0000-00-00 00:00:00'),
(175, 12, 5, '1', '0', '2013-03-14 16:44:57', '0000-00-00 00:00:00'),
(176, 13, 5, '1', '0', '2013-03-14 16:44:57', '0000-00-00 00:00:00'),
(177, 14, 5, '1', '0', '2013-03-14 16:44:57', '0000-00-00 00:00:00'),
(178, 15, 5, '1', '0', '2013-03-14 16:44:57', '0000-00-00 00:00:00'),
(179, 44, 5, '1', '0', '2013-03-14 16:44:57', '0000-00-00 00:00:00'),
(180, 52, 5, '1', '0', '2013-03-14 16:44:57', '0000-00-00 00:00:00'),
(181, 3, 5, '1', '0', '2013-03-14 16:44:57', '0000-00-00 00:00:00'),
(182, 16, 5, '1', '0', '2013-03-14 16:44:57', '0000-00-00 00:00:00'),
(183, 17, 5, '1', '0', '2013-03-14 16:44:57', '0000-00-00 00:00:00'),
(184, 4, 5, '1', '0', '2013-03-14 16:44:57', '0000-00-00 00:00:00'),
(185, 18, 5, '1', '0', '2013-03-14 16:44:57', '0000-00-00 00:00:00'),
(186, 19, 5, '1', '0', '2013-03-14 16:44:57', '0000-00-00 00:00:00'),
(187, 20, 5, '1', '0', '2013-03-14 16:44:57', '0000-00-00 00:00:00'),
(188, 21, 5, '1', '0', '2013-03-14 16:44:57', '0000-00-00 00:00:00'),
(189, 22, 5, '1', '0', '2013-03-14 16:44:57', '0000-00-00 00:00:00'),
(190, 53, 5, '1', '0', '2013-03-14 16:44:57', '0000-00-00 00:00:00'),
(191, 6, 5, '1', '0', '2013-03-14 16:44:57', '0000-00-00 00:00:00'),
(192, 27, 5, '1', '0', '2013-03-14 16:44:57', '0000-00-00 00:00:00'),
(193, 28, 5, '1', '0', '2013-03-14 16:44:57', '0000-00-00 00:00:00'),
(194, 29, 5, '1', '0', '2013-03-14 16:44:57', '0000-00-00 00:00:00'),
(195, 30, 5, '1', '0', '2013-03-14 16:44:57', '0000-00-00 00:00:00'),
(196, 55, 5, '1', '0', '2013-03-14 16:44:57', '0000-00-00 00:00:00'),
(197, 76, 5, '1', '0', '2013-03-14 16:44:57', '0000-00-00 00:00:00'),
(198, 7, 5, '1', '0', '2013-03-14 16:44:57', '0000-00-00 00:00:00'),
(199, 31, 5, '1', '0', '2013-03-14 16:44:57', '0000-00-00 00:00:00'),
(200, 32, 5, '1', '0', '2013-03-14 16:44:57', '0000-00-00 00:00:00'),
(201, 33, 5, '1', '0', '2013-03-14 16:44:57', '0000-00-00 00:00:00'),
(202, 34, 5, '1', '0', '2013-03-14 16:44:57', '0000-00-00 00:00:00'),
(203, 35, 5, '1', '0', '2013-03-14 16:44:57', '0000-00-00 00:00:00'),
(204, 36, 5, '1', '0', '2013-03-14 16:44:57', '0000-00-00 00:00:00'),
(205, 45, 5, '1', '0', '2013-03-14 16:44:57', '0000-00-00 00:00:00'),
(206, 56, 5, '1', '0', '2013-03-14 16:44:57', '0000-00-00 00:00:00'),
(207, 58, 5, '1', '0', '2013-03-14 16:44:57', '0000-00-00 00:00:00'),
(208, 68, 5, '1', '0', '2013-03-14 16:44:57', '0000-00-00 00:00:00'),
(209, 69, 5, '1', '0', '2013-03-14 16:44:57', '0000-00-00 00:00:00'),
(210, 70, 5, '1', '0', '2013-03-14 16:44:57', '0000-00-00 00:00:00'),
(211, 77, 5, '1', '0', '2013-03-14 16:44:57', '0000-00-00 00:00:00'),
(212, 8, 5, '1', '0', '2013-03-14 16:44:57', '0000-00-00 00:00:00'),
(213, 57, 5, '1', '0', '2013-03-14 16:44:57', '0000-00-00 00:00:00'),
(214, 43, 5, '1', '0', '2013-03-14 16:44:57', '0000-00-00 00:00:00'),
(215, 48, 5, '1', '0', '2013-03-14 16:44:57', '0000-00-00 00:00:00'),
(216, 65, 5, '1', '0', '2013-03-14 16:44:57', '0000-00-00 00:00:00'),
(217, 66, 5, '1', '0', '2013-03-14 16:44:57', '0000-00-00 00:00:00'),
(218, 71, 5, '1', '0', '2013-03-14 16:44:57', '0000-00-00 00:00:00'),
(219, 46, 5, '1', '0', '2013-03-14 16:44:57', '0000-00-00 00:00:00'),
(220, 47, 5, '1', '0', '2013-03-14 16:44:57', '0000-00-00 00:00:00'),
(221, 49, 5, '1', '0', '2013-03-14 16:44:57', '0000-00-00 00:00:00'),
(222, 50, 5, '1', '0', '2013-03-14 16:44:57', '0000-00-00 00:00:00'),
(223, 59, 5, '1', '0', '2013-03-14 16:44:57', '0000-00-00 00:00:00'),
(224, 64, 5, '1', '0', '2013-03-14 16:44:57', '0000-00-00 00:00:00'),
(225, 60, 5, '1', '0', '2013-03-14 16:44:57', '0000-00-00 00:00:00'),
(226, 61, 5, '1', '0', '2013-03-14 16:44:57', '0000-00-00 00:00:00'),
(227, 62, 5, '1', '0', '2013-03-14 16:44:57', '0000-00-00 00:00:00'),
(228, 72, 5, '1', '0', '2013-03-14 16:44:57', '0000-00-00 00:00:00'),
(229, 73, 5, '1', '0', '2013-03-14 16:44:57', '0000-00-00 00:00:00'),
(230, 74, 5, '1', '0', '2013-03-14 16:44:57', '0000-00-00 00:00:00'),
(231, 75, 5, '1', '0', '2013-03-14 16:44:57', '0000-00-00 00:00:00');

-- --------------------------------------------------------

--
-- Stand-in structure for view `summers`
--
CREATE TABLE IF NOT EXISTS `summers` (
`test_id` bigint(11)
,`sum(price)` double
,`modified` timestamp
);
-- --------------------------------------------------------

--
-- Table structure for table `users`
--

CREATE TABLE IF NOT EXISTS `users` (
  `id` int(11) NOT NULL AUTO_INCREMENT,
  `u_id` varchar(100) COLLATE utf8_unicode_ci NOT NULL,
  `u_name` varchar(255) COLLATE utf8_unicode_ci NOT NULL,
  `powd` varchar(80) CHARACTER SET utf8 COLLATE utf8_danish_ci NOT NULL,
  `email` varchar(80) COLLATE utf8_unicode_ci NOT NULL,
  `selling_limit` set('0','1','2','3') COLLATE utf8_unicode_ci NOT NULL COMMENT '"0"=>"day","1"=>"week","2"=>"month","3"=>"year"',
  `selling_price_limit` float NOT NULL,
  `parent_id` int(11) NOT NULL,
  `is_dealer` set('0','1') COLLATE utf8_unicode_ci NOT NULL DEFAULT '0' COMMENT '"1"=>"dealer"',
  `role_id` int(11) NOT NULL COMMENT '''0''=> ''user'',''1'' => ''admin'',''2'' => ''Dealer'',''3''=> ''Sub-Dealer''',
  `is_active` set('0','1') COLLATE utf8_unicode_ci NOT NULL DEFAULT '1' COMMENT '''1''  means active and  ''0'' means Inactive',
  `is_deleted` set('0','1') COLLATE utf8_unicode_ci NOT NULL DEFAULT '0' COMMENT '''1'' means yes and ''0'' means not',
  `activation_key` varchar(100) COLLATE utf8_unicode_ci NOT NULL,
  `last_login_ip` varchar(50) COLLATE utf8_unicode_ci NOT NULL,
  `created` datetime DEFAULT NULL,
  `modified` timestamp NULL DEFAULT NULL,
  PRIMARY KEY (`id`),
  KEY `parent_id` (`parent_id`),
  KEY `role_id` (`role_id`)
) ENGINE=MyISAM  DEFAULT CHARSET=utf8 COLLATE=utf8_unicode_ci AUTO_INCREMENT=14 ;

--
-- Dumping data for table `users`
--

INSERT INTO `users` (`id`, `u_id`, `u_name`, `powd`, `email`, `selling_limit`, `selling_price_limit`, `parent_id`, `is_dealer`, `role_id`, `is_active`, `is_deleted`, `activation_key`, `last_login_ip`, `created`, `modified`) VALUES
(1, '', '', 'a333865e351cad3ea8cb9297e8faede9a0ebbd85', 'admin@hallo.dk', '0', 2000, 0, '0', 1, '1', '0', '', '27.124.18.84', '2013-01-08 00:00:00', '2013-03-20 11:27:56'),
(2, '', '', 'a333865e351cad3ea8cb9297e8faede9a0ebbd85', 'foto@hallo.dk', '1', 2000, 0, '1', 2, '1', '1', '', '117.201.90.0', '2013-01-08 11:02:20', '2013-02-07 06:03:10'),
(3, '', '', 'a333865e351cad3ea8cb9297e8faede9a0ebbd85', 'test1@gmail.com', '0', 1000, 2, '0', 3, '1', '1', '', '117.201.90.0', '2013-01-08 11:27:25', '2013-01-12 02:57:29'),
(4, '', '', 'a333865e351cad3ea8cb9297e8faede9a0ebbd85', '89itworld@gmail.com', '2', 5000, 0, '1', 2, '1', '1', '2c1b83328ff3aa1ea8340db07cd2a8e3', '117.201.94.21', '2013-01-11 04:54:28', '2013-02-07 06:02:57'),
(5, '', '', 'a333865e351cad3ea8cb9297e8faede9a0ebbd85', 'subdealer@hallo.dk', '2', 234, 4, '0', 3, '1', '1', '', '117.201.180.96', '2013-01-11 04:55:22', '2013-01-12 03:11:18'),
(6, '', '', 'a333865e351cad3ea8cb9297e8faede9a0ebbd85', 'kiosk@hallo.dk', '1', 2000, 0, '1', 2, '1', '1', '', '77.75.161.99', '2013-01-14 07:32:54', '2013-02-07 06:02:43'),
(7, '', '', 'a333865e351cad3ea8cb9297e8faede9a0ebbd85', 'testsubdealer@gmail.com', '1', 1000, 6, '0', 3, '1', '1', '', '', '2013-01-14 07:42:06', '2013-01-14 02:18:22'),
(8, 'D123', '', 'a333865e351cad3ea8cb9297e8faede9a0ebbd85', 'superbest@hallo.dk', '0', 1500, 0, '1', 2, '1', '1', '0cdbf431a6502155a4b35a9aeb577bea', '117.201.90.0', '2013-01-15 11:53:16', '2013-03-06 13:06:00'),
(9, '', '', 'f8d0f4e5715baebd74b109b396b77fec1856654c', 'intekhab@bornleader.co.in', '0', 1200, 8, '0', 3, '1', '1', '', '117.201.90.56', '2013-01-16 13:37:45', '2013-01-16 13:37:45'),
(10, '', '', 'a333865e351cad3ea8cb9297e8faede9a0ebbd85', 'vesterbro@superbest.dk', '2', 5000, 8, '0', 3, '1', '1', '', '77.75.161.99', '2013-01-18 16:21:45', '2013-02-07 06:02:15'),
(11, '', '', 'a333865e351cad3ea8cb9297e8faede9a0ebbd85', 'lyngbyvej@superbest.dk', '2', 5000, 8, '0', 3, '1', '1', '', '93.163.32.142', '2013-01-18 16:26:28', '2013-02-26 04:14:25'),
(12, 'Christoffer', '', 'a333865e351cad3ea8cb9297e8faede9a0ebbd85', 'cs@hallo.dk', '1', 500, 0, '0', 5, '1', '0', '', '2.107.12.107', '2013-03-14 16:44:11', '2013-04-10 13:12:19'),
(13, '70220604', '', 'a333865e351cad3ea8cb9297e8faede9a0ebbd85', 'ifaa@hallo.dk', '1', 5000, 0, '1', 2, '1', '0', '', '2.107.12.107', '2013-04-09 14:52:35', '2013-05-14 15:11:02');

-- --------------------------------------------------------

--
-- Table structure for table `user_permissions`
--

CREATE TABLE IF NOT EXISTS `user_permissions` (
  `id` bigint(11) NOT NULL AUTO_INCREMENT,
  `user_id` int(11) NOT NULL,
  `permission_id` int(11) NOT NULL,
  `is_active` set('0','1') NOT NULL DEFAULT '1' COMMENT '''1'' means yes and ''0'' means not',
  `is_deleted` set('0','1') NOT NULL DEFAULT '0' COMMENT '''1''  means active and  ''0'' means Inactive',
  `created` datetime NOT NULL,
  `modified` timestamp NOT NULL DEFAULT CURRENT_TIMESTAMP ON UPDATE CURRENT_TIMESTAMP,
  PRIMARY KEY (`id`),
  KEY `user_id` (`user_id`),
  KEY `permission_id` (`permission_id`)
) ENGINE=MyISAM  DEFAULT CHARSET=latin1 AUTO_INCREMENT=690 ;

--
-- Dumping data for table `user_permissions`
--

INSERT INTO `user_permissions` (`id`, `user_id`, `permission_id`, `is_active`, `is_deleted`, `created`, `modified`) VALUES
(481, 11, 71, '1', '0', '2013-02-26 04:14:25', '0000-00-00 00:00:00'),
(482, 11, 1, '1', '0', '2013-02-26 04:14:25', '0000-00-00 00:00:00'),
(442, 6, 65, '1', '0', '2013-02-07 06:02:43', '0000-00-00 00:00:00'),
(458, 4, 71, '1', '0', '2013-02-07 06:02:57', '0000-00-00 00:00:00'),
(457, 4, 57, '1', '0', '2013-02-07 06:02:57', '0000-00-00 00:00:00'),
(456, 4, 43, '1', '0', '2013-02-07 06:02:57', '0000-00-00 00:00:00'),
(91, 3, 1, '1', '0', '2013-01-12 08:27:29', '0000-00-00 00:00:00'),
(92, 3, 9, '1', '0', '2013-01-12 08:27:29', '0000-00-00 00:00:00'),
(93, 3, 10, '1', '0', '2013-01-12 08:27:29', '0000-00-00 00:00:00'),
(94, 3, 8, '1', '0', '2013-01-12 08:27:29', '0000-00-00 00:00:00'),
(96, 5, 1, '1', '0', '2013-01-12 08:41:19', '0000-00-00 00:00:00'),
(97, 5, 9, '1', '0', '2013-01-12 08:41:19', '0000-00-00 00:00:00'),
(98, 5, 8, '1', '0', '2013-01-12 08:41:19', '0000-00-00 00:00:00'),
(455, 4, 48, '1', '0', '2013-02-07 06:02:57', '0000-00-00 00:00:00'),
(454, 4, 65, '1', '0', '2013-02-07 06:02:57', '0000-00-00 00:00:00'),
(480, 11, 57, '1', '0', '2013-02-26 04:14:25', '0000-00-00 00:00:00'),
(453, 4, 66, '1', '0', '2013-02-07 06:02:57', '0000-00-00 00:00:00'),
(443, 6, 48, '1', '0', '2013-02-07 06:02:43', '0000-00-00 00:00:00'),
(444, 6, 43, '1', '0', '2013-02-07 06:02:43', '0000-00-00 00:00:00'),
(445, 6, 57, '1', '0', '2013-02-07 06:02:43', '0000-00-00 00:00:00'),
(446, 6, 71, '1', '0', '2013-02-07 06:02:43', '0000-00-00 00:00:00'),
(447, 6, 2, '1', '0', '2013-02-07 06:02:43', '0000-00-00 00:00:00'),
(448, 6, 1, '1', '0', '2013-02-07 06:02:43', '0000-00-00 00:00:00'),
(449, 6, 10, '1', '0', '2013-02-07 06:02:43', '0000-00-00 00:00:00'),
(137, 7, 1, '1', '0', '2013-01-14 07:48:22', '0000-00-00 00:00:00'),
(138, 7, 9, '1', '0', '2013-01-14 07:48:22', '0000-00-00 00:00:00'),
(139, 7, 10, '1', '0', '2013-01-14 07:48:22', '0000-00-00 00:00:00'),
(140, 7, 8, '1', '0', '2013-01-14 07:48:22', '0000-00-00 00:00:00'),
(508, 8, 48, '1', '0', '2013-03-06 13:06:00', '0000-00-00 00:00:00'),
(509, 8, 65, '1', '0', '2013-03-06 13:06:00', '0000-00-00 00:00:00'),
(510, 8, 66, '1', '0', '2013-03-06 13:06:00', '0000-00-00 00:00:00'),
(511, 8, 71, '1', '0', '2013-03-06 13:06:00', '0000-00-00 00:00:00'),
(652, 12, 45, '1', '0', '2013-04-10 13:12:19', '0000-00-00 00:00:00'),
(514, 8, 10, '1', '0', '2013-03-06 13:06:00', '0000-00-00 00:00:00'),
(513, 8, 9, '1', '0', '2013-03-06 13:06:00', '0000-00-00 00:00:00'),
(419, 10, 65, '1', '0', '2013-02-07 06:02:15', '0000-00-00 00:00:00'),
(459, 4, 1, '1', '0', '2013-02-07 06:02:57', '0000-00-00 00:00:00'),
(472, 2, 10, '1', '0', '2013-02-07 06:03:10', '0000-00-00 00:00:00'),
(471, 2, 1, '1', '0', '2013-02-07 06:03:10', '0000-00-00 00:00:00'),
(470, 2, 2, '1', '0', '2013-02-07 06:03:10', '0000-00-00 00:00:00'),
(469, 2, 71, '1', '0', '2013-02-07 06:03:10', '0000-00-00 00:00:00'),
(468, 2, 57, '1', '0', '2013-02-07 06:03:10', '0000-00-00 00:00:00'),
(467, 2, 43, '1', '0', '2013-02-07 06:03:10', '0000-00-00 00:00:00'),
(466, 2, 48, '1', '0', '2013-02-07 06:03:10', '0000-00-00 00:00:00'),
(160, 9, 1, '1', '0', '2013-01-16 13:37:45', '0000-00-00 00:00:00'),
(161, 9, 9, '1', '0', '2013-01-16 13:37:45', '0000-00-00 00:00:00'),
(162, 9, 10, '1', '0', '2013-01-16 13:37:45', '0000-00-00 00:00:00'),
(163, 9, 8, '1', '0', '2013-01-16 13:37:45', '0000-00-00 00:00:00'),
(164, 5, 48, '1', '0', '2013-01-11 00:00:00', '2013-01-18 06:21:40'),
(465, 2, 65, '1', '0', '2013-02-07 06:03:10', '0000-00-00 00:00:00'),
(424, 10, 1, '1', '0', '2013-02-07 06:02:15', '0000-00-00 00:00:00'),
(507, 8, 43, '1', '0', '2013-03-06 13:06:00', '0000-00-00 00:00:00'),
(420, 10, 66, '1', '0', '2013-02-07 06:02:15', '0000-00-00 00:00:00'),
(421, 10, 43, '1', '0', '2013-02-07 06:02:15', '0000-00-00 00:00:00'),
(422, 10, 57, '1', '0', '2013-02-07 06:02:15', '0000-00-00 00:00:00'),
(423, 10, 71, '1', '0', '2013-02-07 06:02:15', '0000-00-00 00:00:00'),
(479, 11, 43, '1', '0', '2013-02-26 04:14:25', '0000-00-00 00:00:00'),
(425, 10, 10, '1', '0', '2013-02-07 06:02:15', '0000-00-00 00:00:00'),
(483, 11, 10, '1', '0', '2013-02-26 04:14:25', '0000-00-00 00:00:00'),
(478, 11, 66, '1', '0', '2013-02-26 04:14:25', '0000-00-00 00:00:00'),
(477, 11, 65, '1', '0', '2013-02-26 04:14:25', '0000-00-00 00:00:00'),
(476, 11, 48, '1', '0', '2013-02-26 04:14:25', '0000-00-00 00:00:00'),
(484, 11, 9, '1', '0', '2013-02-26 04:14:25', '0000-00-00 00:00:00'),
(426, 10, 9, '1', '0', '2013-02-07 06:02:15', '0000-00-00 00:00:00'),
(418, 10, 48, '1', '0', '2013-02-07 06:02:15', '0000-00-00 00:00:00'),
(512, 8, 1, '1', '0', '2013-03-06 13:06:00', '0000-00-00 00:00:00'),
(506, 8, 57, '1', '0', '2013-03-06 13:06:00', '0000-00-00 00:00:00'),
(450, 6, 9, '1', '0', '2013-02-07 06:02:43', '0000-00-00 00:00:00'),
(441, 6, 66, '1', '0', '2013-02-07 06:02:43', '0000-00-00 00:00:00'),
(504, 8, 11, '1', '0', '2013-03-06 13:06:00', '0000-00-00 00:00:00'),
(460, 4, 10, '1', '0', '2013-02-07 06:02:57', '0000-00-00 00:00:00'),
(473, 2, 9, '1', '0', '2013-02-07 06:03:10', '0000-00-00 00:00:00'),
(464, 2, 66, '1', '0', '2013-02-07 06:03:10', '0000-00-00 00:00:00'),
(461, 4, 9, '1', '0', '2013-02-07 06:02:57', '0000-00-00 00:00:00'),
(417, 10, 8, '1', '0', '2013-02-07 06:02:15', '0000-00-00 00:00:00'),
(505, 8, 8, '1', '0', '2013-03-06 13:06:00', '0000-00-00 00:00:00'),
(440, 6, 8, '1', '0', '2013-02-07 06:02:43', '0000-00-00 00:00:00'),
(452, 4, 8, '1', '0', '2013-02-07 06:02:57', '0000-00-00 00:00:00'),
(463, 2, 8, '1', '0', '2013-02-07 06:03:10', '0000-00-00 00:00:00'),
(475, 11, 8, '1', '0', '2013-02-26 04:14:25', '0000-00-00 00:00:00'),
(503, 8, 2, '1', '0', '2013-03-06 13:06:00', '0000-00-00 00:00:00'),
(653, 12, 56, '1', '0', '2013-04-10 13:12:20', '0000-00-00 00:00:00'),
(654, 12, 58, '1', '0', '2013-04-10 13:12:20', '0000-00-00 00:00:00'),
(655, 12, 68, '1', '0', '2013-04-10 13:12:20', '0000-00-00 00:00:00'),
(656, 12, 69, '1', '0', '2013-04-10 13:12:20', '0000-00-00 00:00:00'),
(657, 12, 70, '1', '0', '2013-04-10 13:12:20', '0000-00-00 00:00:00'),
(658, 12, 77, '1', '0', '2013-04-10 13:12:20', '0000-00-00 00:00:00'),
(659, 12, 72, '1', '0', '2013-04-10 13:12:20', '0000-00-00 00:00:00'),
(660, 12, 73, '1', '0', '2013-04-10 13:12:20', '0000-00-00 00:00:00'),
(661, 12, 74, '1', '0', '2013-04-10 13:12:20', '0000-00-00 00:00:00'),
(662, 12, 75, '1', '0', '2013-04-10 13:12:20', '0000-00-00 00:00:00'),
(663, 12, 46, '1', '0', '2013-04-10 13:12:20', '0000-00-00 00:00:00'),
(664, 12, 47, '1', '0', '2013-04-10 13:12:20', '0000-00-00 00:00:00'),
(665, 12, 49, '1', '0', '2013-04-10 13:12:20', '0000-00-00 00:00:00'),
(666, 12, 50, '1', '0', '2013-04-10 13:12:20', '0000-00-00 00:00:00'),
(667, 12, 59, '1', '0', '2013-04-10 13:12:20', '0000-00-00 00:00:00'),
(668, 12, 64, '1', '0', '2013-04-10 13:12:20', '0000-00-00 00:00:00'),
(669, 12, 60, '1', '0', '2013-04-10 13:12:20', '0000-00-00 00:00:00'),
(670, 12, 61, '1', '0', '2013-04-10 13:12:20', '0000-00-00 00:00:00'),
(671, 12, 62, '1', '0', '2013-04-10 13:12:20', '0000-00-00 00:00:00'),
(683, 13, 8, '1', '0', '2013-05-14 15:11:02', '0000-00-00 00:00:00'),
(684, 13, 57, '1', '0', '2013-05-14 15:11:02', '0000-00-00 00:00:00'),
(685, 13, 43, '1', '0', '2013-05-14 15:11:02', '0000-00-00 00:00:00'),
(686, 13, 48, '1', '0', '2013-05-14 15:11:02', '0000-00-00 00:00:00'),
(687, 13, 65, '1', '0', '2013-05-14 15:11:02', '0000-00-00 00:00:00'),
(688, 13, 66, '1', '0', '2013-05-14 15:11:02', '0000-00-00 00:00:00'),
(689, 13, 71, '1', '0', '2013-05-14 15:11:02', '0000-00-00 00:00:00'),
(651, 12, 36, '1', '0', '2013-04-10 13:12:19', '0000-00-00 00:00:00'),
(650, 12, 35, '1', '0', '2013-04-10 13:12:19', '0000-00-00 00:00:00'),
(649, 12, 34, '1', '0', '2013-04-10 13:12:19', '0000-00-00 00:00:00'),
(648, 12, 33, '1', '0', '2013-04-10 13:12:19', '0000-00-00 00:00:00'),
(647, 12, 32, '1', '0', '2013-04-10 13:12:19', '0000-00-00 00:00:00'),
(646, 12, 31, '1', '0', '2013-04-10 13:12:19', '0000-00-00 00:00:00'),
(645, 12, 7, '1', '0', '2013-04-10 13:12:19', '0000-00-00 00:00:00'),
(644, 12, 76, '1', '0', '2013-04-10 13:12:19', '0000-00-00 00:00:00'),
(643, 12, 55, '1', '0', '2013-04-10 13:12:19', '0000-00-00 00:00:00'),
(642, 12, 30, '1', '0', '2013-04-10 13:12:19', '0000-00-00 00:00:00'),
(641, 12, 29, '1', '0', '2013-04-10 13:12:19', '0000-00-00 00:00:00'),
(640, 12, 28, '1', '0', '2013-04-10 13:12:19', '0000-00-00 00:00:00'),
(639, 12, 27, '1', '0', '2013-04-10 13:12:19', '0000-00-00 00:00:00'),
(638, 12, 53, '1', '0', '2013-04-10 13:12:19', '0000-00-00 00:00:00'),
(637, 12, 22, '1', '0', '2013-04-10 13:12:19', '0000-00-00 00:00:00'),
(636, 12, 21, '1', '0', '2013-04-10 13:12:19', '0000-00-00 00:00:00'),
(635, 12, 20, '1', '0', '2013-04-10 13:12:19', '0000-00-00 00:00:00'),
(634, 12, 19, '1', '0', '2013-04-10 13:12:19', '0000-00-00 00:00:00'),
(633, 12, 18, '1', '0', '2013-04-10 13:12:19', '0000-00-00 00:00:00'),
(632, 12, 4, '1', '0', '2013-04-10 13:12:19', '0000-00-00 00:00:00'),
(631, 12, 6, '1', '0', '2013-04-10 13:12:19', '0000-00-00 00:00:00'),
(630, 12, 17, '1', '0', '2013-04-10 13:12:19', '0000-00-00 00:00:00'),
(629, 12, 16, '1', '0', '2013-04-10 13:12:19', '0000-00-00 00:00:00'),
(628, 12, 3, '1', '0', '2013-04-10 13:12:19', '0000-00-00 00:00:00'),
(627, 12, 52, '1', '0', '2013-04-10 13:12:19', '0000-00-00 00:00:00'),
(626, 12, 44, '1', '0', '2013-04-10 13:12:19', '0000-00-00 00:00:00'),
(625, 12, 15, '1', '0', '2013-04-10 13:12:19', '0000-00-00 00:00:00'),
(624, 12, 14, '1', '0', '2013-04-10 13:12:19', '0000-00-00 00:00:00'),
(623, 12, 13, '1', '0', '2013-04-10 13:12:19', '0000-00-00 00:00:00'),
(622, 12, 12, '1', '0', '2013-04-10 13:12:19', '0000-00-00 00:00:00'),
(621, 12, 11, '1', '0', '2013-04-10 13:12:19', '0000-00-00 00:00:00'),
(620, 12, 10, '1', '0', '2013-04-10 13:12:19', '0000-00-00 00:00:00'),
(619, 12, 9, '1', '0', '2013-04-10 13:12:19', '0000-00-00 00:00:00'),
(618, 12, 2, '1', '0', '2013-04-10 13:12:19', '0000-00-00 00:00:00');

-- --------------------------------------------------------

--
-- Table structure for table `user_profiles`
--

CREATE TABLE IF NOT EXISTS `user_profiles` (
  `id` int(11) NOT NULL AUTO_INCREMENT,
  `user_id` int(11) NOT NULL,
  `first_name` varchar(50) CHARACTER SET utf8 COLLATE utf8_danish_ci NOT NULL,
  `last_name` varchar(50) CHARACTER SET utf8 COLLATE utf8_danish_ci NOT NULL,
  `phone_no` varchar(15) NOT NULL,
  `created` datetime NOT NULL,
  `modified` timestamp NOT NULL DEFAULT CURRENT_TIMESTAMP ON UPDATE CURRENT_TIMESTAMP,
  PRIMARY KEY (`id`),
  KEY `user_id` (`user_id`)
) ENGINE=MyISAM  DEFAULT CHARSET=latin1 AUTO_INCREMENT=14 ;

--
-- Dumping data for table `user_profiles`
--

INSERT INTO `user_profiles` (`id`, `user_id`, `first_name`, `last_name`, `phone_no`, `created`, `modified`) VALUES
(1, 1, 'Rabih', '', '52520552', '2013-01-08 00:00:00', '2013-03-20 11:27:56'),
(2, 2, 'Foto', '', '52520552', '2013-01-08 11:02:20', '2013-02-26 14:02:34'),
(3, 3, 'inte', '', '123456', '2013-01-08 11:27:25', '2013-02-26 14:02:58'),
(4, 4, 'Expert', '', '9876543212', '2013-01-11 04:54:28', '2013-02-26 14:02:58'),
(5, 5, 'subdealer', '', '9876543212', '2013-01-11 04:55:22', '2013-02-26 14:02:58'),
(6, 6, 'Kiosk', '', '123456890', '2013-01-14 07:32:54', '2013-02-26 14:02:58'),
(7, 7, 'test', '', '12121212', '2013-01-14 07:42:06', '2013-02-26 14:02:58'),
(8, 8, 'Superbest', '', '80808080', '2013-01-15 11:53:16', '2013-03-06 13:06:00'),
(9, 9, 'intekhab', '', '9760211919', '2013-01-16 13:37:45', '2013-02-26 14:02:58'),
(10, 10, 'Superbest', '', '70809090', '2013-01-18 16:21:45', '2013-02-26 14:02:58'),
(11, 11, 'Superbest', '', '70708080', '2013-01-18 16:26:28', '2013-02-26 14:02:58'),
(12, 12, 'Christoffer', '', '+4527282454', '2013-03-14 16:44:11', '2013-04-10 13:12:19'),
(13, 13, 'Hallo.dk A/S', '', '+4570220604', '2013-04-09 14:52:35', '2013-05-14 15:11:02');

-- --------------------------------------------------------

--
-- Table structure for table `vendors`
--

CREATE TABLE IF NOT EXISTS `vendors` (
  `id` int(11) NOT NULL AUTO_INCREMENT,
  `name` varchar(80) CHARACTER SET utf8 COLLATE utf8_danish_ci NOT NULL,
  `is_active` set('0','1') NOT NULL DEFAULT '1' COMMENT '''1''  means active and  ''0'' means Inactive',
  `is_deleted` set('0','1') NOT NULL DEFAULT '0' COMMENT '''1'' means yes and ''0'' means not',
  `created` datetime NOT NULL,
  `modified` timestamp NOT NULL DEFAULT CURRENT_TIMESTAMP ON UPDATE CURRENT_TIMESTAMP,
  PRIMARY KEY (`id`)
) ENGINE=MyISAM  DEFAULT CHARSET=latin1 AUTO_INCREMENT=16 ;

--
-- Dumping data for table `vendors`
--

INSERT INTO `vendors` (`id`, `name`, `is_active`, `is_deleted`, `created`, `modified`) VALUES
(1, 'TDC', '1', '0', '2013-01-16 13:23:24', '2013-02-01 13:07:58'),
(2, 'Telenor', '1', '0', '2013-01-16 13:26:46', '2013-01-16 13:26:46'),
(3, 'Telia', '1', '0', '2013-01-16 13:26:56', '2013-03-04 13:30:41'),
(4, '3', '1', '1', '2013-01-16 13:27:31', '2013-03-04 13:08:38'),
(5, 'CBB', '1', '1', '2013-02-26 16:58:15', '2013-03-04 13:08:33'),
(6, 'CBB', '1', '0', '2013-03-04 13:32:14', '2013-03-04 13:32:14'),
(7, 'Lycamobile', '1', '0', '2013-03-04 13:32:26', '2013-03-04 13:32:26'),
(8, 'PaySafeCard', '1', '0', '2013-03-04 13:33:12', '2013-03-04 13:33:12'),
(9, 'One Mobile', '1', '0', '2013-03-04 13:33:46', '2013-03-04 13:33:46'),
(10, 'Lebara', '1', '0', '2013-03-04 13:33:59', '2013-03-04 13:33:59'),
(11, 'Mobil Bredbnd', '1', '0', '2013-03-04 13:34:45', '2013-03-04 13:34:45'),
(12, 'Global One', '1', '0', '2013-03-04 13:35:04', '2013-03-04 13:35:04'),
(13, 'Colour Mobile', '1', '0', '2013-03-04 13:37:38', '2013-03-04 13:37:38'),
(14, 'GT Mobile', '1', '0', '2013-03-04 13:37:53', '2013-03-04 13:37:53'),
(15, 'Hey!', '1', '0', '2013-03-04 13:38:40', '2013-03-04 13:38:40');

-- --------------------------------------------------------

--
-- Structure for view `reporters`
--
DROP TABLE IF EXISTS `reporters`;

CREATE ALGORITHM=UNDEFINED DEFINER=`media_design_dk`@`%` SQL SECURITY DEFINER VIEW `reporters` AS select `a`.`test_id` AS `user_id`,`a`.`sum(price)` AS `total`,`a`.`modified` AS `modified`,`p`.`first_name` AS `first_name`,`p`.`last_name` AS `last_name`,`p`.`phone_no` AS `phone_no`,`u`.`email` AS `email`,`u`.`is_active` AS `is_active` from ((`summers` `a` join `users` `u` on((`u`.`id` = `a`.`test_id`))) join `user_profiles` `p` on((`p`.`user_id` = `a`.`test_id`)));

-- --------------------------------------------------------

--
-- Structure for view `summers`
--
DROP TABLE IF EXISTS `summers`;

CREATE ALGORITHM=UNDEFINED DEFINER=`media_design_dk`@`%` SQL SECURITY DEFINER VIEW `summers` AS select (case when (`coupon_sales`.`parent_id` = 0) then `coupon_sales`.`dealer_id` else `coupon_sales`.`parent_id` end) AS `test_id`,sum(`coupon_sales`.`price`) AS `sum(price)`,`coupon_sales`.`modified` AS `modified` from `coupon_sales` group by (case when (`coupon_sales`.`parent_id` = 0) then `coupon_sales`.`dealer_id` else `coupon_sales`.`parent_id` end);

/*!40101 SET CHARACTER_SET_CLIENT=@OLD_CHARACTER_SET_CLIENT */;
/*!40101 SET CHARACTER_SET_RESULTS=@OLD_CHARACTER_SET_RESULTS */;
/*!40101 SET COLLATION_CONNECTION=@OLD_COLLATION_CONNECTION */;
